SubClass,Zoning,LotFrontage,LotArea,Street,Alley,LotShape,LandContour,Utilities,LotConfig,LandSlope,Neighborhood,Condition1,Condition2,BldgType,HouseStyle,OverallQual,OverallCond,YearBuilt,YearRemodel,RoofStyle,RoofMat,Exterior1,Exterior2,MasVnrType,MasVnrArea,ExterQual,ExterCond,Foundation,BsmtQual,BsmtCond,BsmtExposure,BsmtFinType1,BsmtFinType2,Heating,HeatingQC,CentralAir,Electrical,FirstFlrSF,SecondFlrSF,LowQualFinSF,GrLivArea,BsmtFullBath,BsmtHalfBath,FullBath,HalfBath,BedroomAbvGr,KitchenAbvGr,KitchenQual,TotRmsAbvGrd,Functional,Fireplaces,FireplaceQu,GarageType,GarageYrBlt,GarageFinish,GarageCars,GarageQual,GarageCond,PavedDrive,WoodDeckSF,OpenPorchSF,EnclosedPorch,ThreeSsnPorch,ScreenPorch,PoolArea,PoolQC,Fence,MiscFeature,MiscVal,MoSold,YrSold,SaleType,SaleCondition
50,RL,60,10287,Pave,,Reg,Lvl,AllPub,Corner,Gtl,OldTown,Norm,Norm,1Fam,1.5Fin,6,7,1979,1993,Gable,CompShg,MetalSd,MetalSd,None,0,TA,TA,CBlock,TA,TA,Mn,ALQ,LwQ,GasA,Ex,Y,SBrkr,847,437,0,1626,1,0,2,0,1,1,TA,6,Mod,0,,Detchd,1978,Unf,2,TA,TA,Y,0,0,0,0,0,0,,,,0,8,2007,WD,Abnorml
20,RL,75,9753,Pave,,Reg,Lvl,AllPub,Inside,Gtl,NAmes,Norm,Norm,1Fam,1Story,6,6,1950,1958,Gable,CompShg,MetalSd,MetalSd,BrkFace,243,TA,TA,CBlock,TA,TA,No,Rec,Unf,GasA,Gd,Y,SBrkr,1444,0,0,2159,0,0,1,1,4,1,TA,7,Typ,0,,Attchd,1958,RFn,1,TA,TA,Y,0,0,275,0,0,0,,,Shed,500,4,2007,COD,Normal
20,RL,60,12453,Pave,,Reg,Lvl,AllPub,Inside,Gtl,SawyerW,RRAe,Norm,1Fam,1Story,6,5,1993,2004,Gable,CompShg,VinylSd,VinylSd,None,0,TA,TA,PConc,Gd,TA,No,GLQ,Unf,GasA,Ex,Y,SBrkr,1116,0,0,2496,1,0,2,0,3,1,Gd,6,Typ,0,,Detchd,2004,Unf,2,TA,TA,Y,0,42,0,0,0,0,,,,0,6,2009,WD,Normal
190,RH,60,6051,Pave,,Reg,Lvl,AllPub,Corner,Gtl,SWISU,Artery,Norm,2fmCon,1.5Fin,7,7,1968,1950,Gable,CompShg,Wd Sdng,Wd Sdng,None,0,TA,Gd,BrkTil,TA,TA,Mn,LwQ,Unf,GasA,Gd,Y,SBrkr,938,745,0,2111,1,0,2,0,2,2,TA,7,Typ,1,Gd,Detchd,1910,Unf,2,TA,Fa,P,58,144,0,0,0,0,,,,0,6,2010,COD,Normal
80,RL,.,7753,Pave,,Reg,Lvl,AllPub,Inside,Gtl,Gilbert,Norm,Norm,1Fam,SLvl,6,5,2000,2002,Hip,CompShg,VinylSd,VinylSd,None,0,Gd,TA,PConc,Gd,TA,No,GLQ,Unf,GasA,Ex,Y,SBrkr,781,641,0,2055,1,0,2,1,3,1,Gd,7,Typ,1,TA,BuiltIn,2002,Fin,2,TA,TA,Y,122,0,0,0,0,0,,,,0,3,2009,WD,Normal
120,RL,24,2283,Pave,,Reg,Lvl,AllPub,FR2,Gtl,NPkVill,Norm,Norm,Twnhs,1Story,7,6,1973,1975,Gable,CompShg,Plywood,Brk Cmn,None,0,TA,TA,CBlock,Gd,TA,No,Unf,Unf,GasA,Ex,Y,SBrkr,838,0,0,2224,0,0,1,0,2,1,TA,4,Typ,0,,Attchd,1975,Unf,1,TA,TA,Y,0,30,0,0,0,0,,,,0,6,2010,WD,Normal
20,RL,85,12636,Pave,,IR1,HLS,AllPub,Inside,Gtl,Timber,Norm,Norm,1Fam,1Story,7,5,1987,2007,Hip,CompShg,CemntBd,CmentBd,Stone,290,Ex,TA,PConc,Ex,TA,Gd,GLQ,Unf,GasA,Ex,Y,SBrkr,1980,0,0,1502,1,0,2,0,2,1,Ex,7,Typ,1,Gd,Attchd,2007,Fin,3,TA,TA,Y,310,52,0,0,0,0,,,,0,5,2009,WD,Normal
20,RL,80,10200,Pave,,IR1,Lvl,AllPub,Inside,Gtl,NAmes,Norm,Norm,1Fam,1Story,7,5,1940,1961,Gable,CompShg,WdShing,Wd Shng,BrkCmn,491,TA,TA,CBlock,TA,TA,No,ALQ,Rec,GasA,TA,Y,SBrkr,1364,0,0,2404,1,0,1,1,3,1,TA,6,Typ,1,TA,Attchd,1961,Unf,2,TA,TA,Y,0,20,0,0,0,0,,,,0,6,2008,COD,Normal
20,RL,75,8253,Pave,,Reg,Lvl,AllPub,Inside,Gtl,NAmes,Norm,Norm,1Fam,1Story,8,7,2008,1964,Hip,CompShg,HdBoard,HdBoard,Stone,260,TA,TA,CBlock,Gd,TA,No,Rec,Unf,GasA,Ex,Y,SBrkr,1094,0,0,1469,1,0,1,0,3,1,TA,6,Typ,0,,Attchd,1964,RFn,2,TA,Gd,Y,0,0,0,0,0,0,,MnPrv,,0,7,2008,WD,Normal
50,RL,63,15567,Pave,,Reg,Lvl,AllPub,Inside,Gtl,Crawfor,Norm,Norm,1Fam,1.5Fin,7,6,1999,1995,Gable,CompShg,Wd Sdng,Wd Shng,None,0,TA,TA,BrkTil,Gd,TA,No,Unf,Unf,GasA,Ex,Y,SBrkr,678,589,0,2313,0,0,1,0,3,1,TA,6,Typ,0,,Detchd,1994,Unf,2,TA,TA,Y,426,0,0,0,0,0,,,Shed,400,1,2008,WD,Normal
160,RL,24,2283,Pave,,Reg,Lvl,AllPub,FR2,Gtl,NPkVill,Norm,Norm,Twnhs,2Story,8,6,2006,1975,Gable,CompShg,Plywood,Brk Cmn,None,0,TA,TA,CBlock,TA,TA,No,ALQ,Unf,GasA,TA,Y,SBrkr,857,602,0,1433,0,0,2,1,3,1,Gd,6,Typ,1,TA,Attchd,1975,Unf,2,TA,TA,Y,175,0,0,0,0,0,,,,0,6,2010,WD,Normal
160,RM,21,1683,Pave,,Reg,Lvl,AllPub,Inside,Gtl,BrDale,Norm,Norm,Twnhs,2Story,8,5,2007,1973,Gable,CompShg,HdBoard,HdBoard,BrkFace,158,TA,TA,CBlock,TA,TA,No,BLQ,Unf,GasA,TA,Y,SBrkr,485,505,0,1564,1,0,1,1,2,1,TA,5,Typ,0,,Detchd,1973,Unf,1,TA,TA,Y,0,0,0,0,0,0,,,,0,11,2008,WD,Normal
90,RM,60,7203,Pave,Gr,Reg,Lvl,AllPub,Inside,Gtl,OldTown,Norm,Norm,Duplex,SFoyer,7,5,1979,1980,Gable,CompShg,MetalSd,MetalSd,BrkFace,180,TA,TA,CBlock,Gd,TA,Gd,GLQ,Unf,GasA,TA,Y,SBrkr,938,0,0,1525,1,0,1,0,2,1,TA,4,Typ,0,,Detchd,1980,Unf,2,TA,TA,Y,51,0,0,0,0,0,,,,0,8,2007,WD,Normal
50,RM,.,12361,Pave,,IR1,Lvl,AllPub,Inside,Gtl,OldTown,Feedr,Norm,1Fam,1.5Fin,7,6,2002,1950,Gable,CompShg,MetalSd,MetalSd,None,0,TA,TA,CBlock,TA,TA,No,Rec,Unf,GasA,TA,Y,SBrkr,856,0,528,1410,0,0,1,1,2,1,TA,7,Typ,0,,Detchd,1991,Unf,2,TA,TA,Y,239,0,0,0,0,0,,,,0,5,2007,WD,Normal
120,RL,53,3925,Pave,,Reg,Lvl,AllPub,Inside,Gtl,Blmngtn,Norm,Norm,TwnhsE,1Story,8,5,,2007,Gable,CompShg,WdShing,Wd Shng,BrkFace,72,Gd,TA,PConc,Ex,TA,Av,Unf,Unf,GasA,Ex,Y,SBrkr,1260,0,0,1695,0,0,2,0,2,1,Gd,6,Typ,1,Gd,Attchd,2007,Fin,3,TA,TA,Y,146,16,0,0,0,0,,,,0,6,2007,New,Partial
20,RL,54,13814,Pave,,IR1,Lvl,AllPub,Inside,Gtl,Timber,Norm,Norm,1Fam,1Story,,6,1996,1987,Gable,CompShg,HdBoard,HdBoard,BrkFace,72,TA,TA,CBlock,Gd,Gd,No,GLQ,LwQ,GasA,Gd,Y,SBrkr,1139,0,0,1289,1,0,2,0,2,1,Gd,5,Typ,1,TA,Attchd,1987,Unf,2,TA,TA,Y,127,0,0,0,0,0,,,,0,7,2006,WD,Normal
20,RL,74,9630,Pave,,Reg,Lvl,AllPub,Inside,Gtl,CollgCr,Norm,Norm,1Fam,1Story,7,5,2005,2007,Gable,CompShg,VinylSd,VinylSd,None,0,Gd,TA,PConc,Gd,TA,Av,GLQ,Unf,GasA,Ex,Y,SBrkr,1363,0,0,1615,0,0,2,0,3,1,Gd,6,Typ,0,,Attchd,2007,RFn,2,TA,TA,Y,0,50,0,0,0,0,,,,0,6,2008,WD,Normal
120,RL,41,5333,Pave,,Reg,Lvl,AllPub,Inside,Gtl,StoneBr,Norm,Norm,TwnhsE,1Story,8,5,2004,2000,Gable,CompShg,CemntBd,CmentBd,None,0,Gd,TA,PConc,Gd,TA,Av,GLQ,Unf,GasA,Ex,Y,SBrkr,1654,0,0,1647,1,0,2,0,2,1,Ex,6,Typ,0,,Attchd,2000,RFn,2,TA,TA,Y,98,48,0,0,0,0,,,,0,8,2007,WD,Normal
80,RL,.,9950,Pave,,IR1,Lvl,AllPub,CulDSac,Gtl,Mitchel,Norm,Norm,1Fam,SLvl,8,5,2007,1991,Gable,CompShg,HdBoard,HdBoard,None,0,TA,TA,PConc,Gd,TA,Av,GLQ,Unf,GasA,Ex,Y,SBrkr,1219,0,0,1652,1,0,2,0,3,1,Gd,6,Typ,0,,Attchd,1990,Unf,2,TA,TA,Y,170,27,0,0,0,0,,GdPrv,,0,6,2009,WD,Normal
20,RL,56,18562,Pave,,IR1,Lvl,AllPub,CulDSac,Gtl,NWAmes,Norm,Norm,1Fam,1Story,7,5,2006,1978,Hip,CompShg,Plywood,Plywood,BrkFace,383,Gd,Gd,CBlock,Gd,TA,No,GLQ,Rec,GasA,TA,Y,SBrkr,2066,0,0,1501,1,0,2,0,3,1,Gd,7,Typ,2,Fa,Attchd,1978,Fin,2,TA,TA,Y,202,0,0,0,0,0,,,,0,8,2008,WD,Normal
160,RM,24,1303,Pave,,Reg,Lvl,AllPub,Inside,Gtl,Blueste,Norm,Norm,TwnhsE,2Story,8,6,1999,1980,Gable,CompShg,MetalSd,MetalSd,None,0,TA,TA,CBlock,Gd,TA,No,ALQ,Unf,GasA,TA,Y,SBrkr,563,669,0,1342,0,0,1,1,2,1,TA,5,Typ,1,TA,Attchd,1980,Fin,2,TA,TA,Y,152,0,0,0,0,0,,GdPrv,,0,5,2009,WD,Normal
20,RL,60,7183,Pave,,IR1,Lvl,AllPub,Inside,Gtl,CollgCr,Norm,Norm,1Fam,1Story,7,7,2002,1972,Hip,CompShg,HdBoard,HdBoard,None,0,TA,TA,CBlock,TA,TA,Av,ALQ,Unf,GasA,TA,Y,SBrkr,866,0,0,1512,0,0,1,0,3,1,TA,5,Typ,0,,Detchd,1989,Unf,1,TA,TA,Y,0,0,0,0,0,0,,,,0,5,2008,WD,Normal
20,RL,74,7788,Pave,,IR1,Lvl,AllPub,Inside,Gtl,NAmes,Norm,Norm,1Fam,1Story,8,5,2006,1956,Gable,CompShg,HdBoard,HdBoard,None,0,TA,TA,Slab,,,,,,GasA,TA,Y,SBrkr,1016,0,0,1461,0,0,1,0,2,1,TA,6,Typ,0,,Attchd,1956,RFn,1,TA,TA,Y,0,0,40,0,200,0,,GdWo,,0,3,2008,WD,Normal
70,RM,60,9603,Pave,Gr,Reg,Lvl,AllPub,Inside,Gtl,OldTown,Norm,Norm,1Fam,2Story,8,7,1997,1990,Gable,CompShg,Wd Sdng,Wd Sdng,None,0,TA,TA,BrkTil,TA,Gd,No,LwQ,Unf,GasA,Ex,Y,SBrkr,834,810,0,1683,0,1,1,1,3,1,Ex,6,Typ,1,Gd,Detchd,1925,Unf,2,Fa,TA,Y,0,0,234,0,0,0,,,,0,8,2006,WD,Normal
60,RL,66,8741,Pave,,IR1,Lvl,AllPub,Inside,Gtl,Gilbert,Norm,Norm,1Fam,2Story,7,5,1994,1999,Gable,CompShg,VinylSd,VinylSd,BrkFace,302,Gd,TA,PConc,Gd,TA,No,Unf,Unf,GasA,Ex,Y,SBrkr,1007,1287,0,1851,0,0,2,1,4,1,Gd,8,Typ,1,TA,BuiltIn,1999,Fin,2,TA,TA,Y,194,0,0,0,0,0,,,,0,2,2006,WD,Normal
60,RL,82,9433,Pave,,Reg,Lvl,AllPub,Inside,Gtl,NoRidge,Norm,Norm,1Fam,2Story,8,5,2000,1999,Gable,CompShg,VinylSd,VinylSd,BrkFace,673,Gd,TA,PConc,Gd,TA,Mn,GLQ,Unf,GasA,Ex,Y,SBrkr,1270,1098,0,2286,1,0,2,1,3,1,Gd,8,Typ,1,Gd,Attchd,1999,RFn,3,TA,TA,Y,0,128,0,0,180,0,,,,0,7,2009,WD,Normal
70,RM,60,6885,Pave,,Reg,Lvl,AllPub,Inside,Gtl,IDOTRR,Norm,Norm,1Fam,2Story,7,7,2007,2006,Gable,CompShg,Wd Sdng,Wd Sdng,None,0,TA,TA,PConc,TA,TA,No,Unf,Unf,GasA,TA,Y,SBrkr,775,583,0,1690,0,0,1,1,3,1,Gd,7,Typ,0,,,.,,0,,,Y,138,0,115,0,0,0,,,,0,3,2007,WD,Normal
120,RL,34,3904,Pave,,Reg,Lvl,AllPub,Inside,Gtl,NridgHt,Norm,Norm,Twnhs,1Story,9,5,2008,2006,Gable,CompShg,VinylSd,VinylSd,Stone,182,Gd,TA,PConc,Gd,TA,Av,ALQ,Unf,GasA,Ex,Y,SBrkr,1304,0,0,1457,1,0,1,1,1,1,Gd,5,Typ,1,Gd,Attchd,2005,RFn,2,TA,TA,Y,112,50,0,0,0,0,,,,0,8,2007,New,Partial
120,RM,35,3910,Pave,,IR1,HLS,AllPub,Inside,Mod,Blueste,Norm,Norm,TwnhsE,1Story,8,6,2007,1989,Gable,CompShg,HdBoard,HdBoard,None,0,Gd,TA,CBlock,Gd,TA,Gd,GLQ,Unf,GasA,Gd,Y,SBrkr,1036,0,0,1616,1,0,1,0,1,1,Gd,4,Typ,1,TA,Attchd,1989,Fin,2,TA,TA,Y,143,36,0,0,0,0,,,,0,4,2010,WD,Normal
20,RL,76,8246,Pave,,IR1,Lvl,AllPub,CulDSac,Gtl,NAmes,Norm,Norm,1Fam,1Story,6,7,1992,1961,Gable,CompShg,VinylSd,VinylSd,BrkFace,56,TA,Gd,CBlock,TA,TA,No,ALQ,Unf,GasA,Ex,Y,SBrkr,966,0,0,1732,0,0,1,0,3,1,TA,5,Typ,1,Fa,Detchd,1985,Fin,2,TA,TA,Y,172,0,0,0,0,0,,GdPrv,,0,2,2007,WD,Normal
60,RL,68,9275,Pave,,IR1,Lvl,AllPub,Inside,Gtl,CollgCr,Norm,Norm,1Fam,2Story,8,5,2006,1999,Gable,CompShg,VinylSd,VinylSd,None,0,Gd,TA,PConc,Gd,TA,No,GLQ,Unf,GasA,Ex,Y,SBrkr,858,894,0,1647,0,0,2,1,3,1,Gd,7,Typ,0,,Attchd,1999,RFn,2,TA,TA,Y,142,85,0,0,0,0,,,,0,6,2006,WD,Normal
20,RL,80,8803,Pave,,Reg,Lvl,AllPub,Inside,Gtl,NAmes,Norm,Norm,1Fam,1Story,7,6,1980,1966,Hip,CompShg,HdBoard,Plywood,BrkFace,202,TA,TA,CBlock,TA,TA,No,BLQ,Unf,GasA,Ex,Y,SBrkr,1202,0,0,2674,0,1,2,0,3,1,TA,6,Typ,1,TA,Attchd,1966,RFn,2,TA,TA,Y,0,0,0,0,0,0,,MnPrv,,0,10,2007,CWD,Normal
30,RL,67,5145,Pave,,Reg,Lvl,AllPub,Inside,Gtl,Edwards,Norm,Norm,1Fam,1.5Fin,7,7,2005,2008,Gable,CompShg,Wd Sdng,Wd Sdng,None,0,TA,TA,PConc,TA,TA,No,ALQ,Unf,GasA,TA,Y,SBrkr,951,344,0,1507,0,0,1,1,3,1,Gd,6,Typ,0,,Detchd,1923,Unf,1,TA,TA,N,0,0,183,0,0,0,,,,0,6,2008,WD,Normal
20,RL,80,10403,Pave,,Reg,Lvl,AllPub,Inside,Gtl,NWAmes,Norm,Norm,1Fam,1Story,8,5,2006,1976,Gable,CompShg,HdBoard,HdBoard,BrkFace,120,TA,TA,CBlock,TA,TA,No,Unf,Unf,GasA,TA,Y,SBrkr,1446,0,0,1657,0,0,2,0,2,1,TA,5,Typ,1,Gd,Attchd,1976,Unf,2,TA,TA,Y,0,24,0,0,0,0,,GdWo,,0,4,2008,WD,Normal
70,RM,60,3603,Pave,Gr,Reg,Lvl,AllPub,Inside,Gtl,OldTown,Norm,Norm,1Fam,2Story,9,7,2007,1993,Gable,CompShg,VinylSd,VinylSd,None,0,TA,TA,CBlock,TA,TA,No,Unf,Unf,GasA,Ex,N,FuseA,686,685,0,1531,0,0,1,0,3,1,TA,7,Typ,0,,Detchd,1930,Unf,1,TA,Fa,N,0,158,0,0,0,0,,,,0,10,2006,WD,Normal
30,RL,58,9101,Pave,,IR1,Lvl,AllPub,Inside,Gtl,Edwards,Norm,Norm,1Fam,1Story,7,7,2002,2002,Gable,CompShg,Wd Sdng,Wd Sdng,None,0,TA,TA,BrkTil,TA,TA,Mn,ALQ,Unf,GasA,Ex,Y,SBrkr,607,0,0,1612,1,0,1,0,2,1,TA,5,Typ,0,,,.,,0,,,N,0,0,144,0,0,0,,,,0,7,2007,WD,Normal
20,RL,67,8880,Pave,,Reg,Lvl,AllPub,Inside,Gtl,Edwards,Norm,Norm,1Fam,1Story,8,5,2007,1951,Gable,CompShg,Wd Sdng,Wd Sdng,None,0,TA,TA,CBlock,Fa,Fa,No,LwQ,Unf,GasA,TA,Y,FuseF,1222,0,0,2089,0,0,1,0,2,1,TA,6,Typ,0,,Detchd,1951,Unf,2,TA,TA,Y,0,0,0,0,0,0,,,,0,4,2006,COD,Normal
20,RL,115,10503,Pave,,IR1,Lvl,AllPub,Inside,Gtl,NAmes,Norm,Norm,1Fam,1Story,8,5,2000,1964,Gable,CompShg,HdBoard,HdBoard,Stone,144,TA,Gd,CBlock,TA,TA,No,LwQ,Unf,GasA,TA,Y,SBrkr,1294,0,0,2199,1,0,1,1,3,1,TA,6,Typ,2,Gd,Detchd,1964,Unf,2,TA,TA,Y,0,32,0,0,92,0,,,,0,7,2009,COD,Abnorml
50,RM,50,9003,Pave,,Reg,Bnk,AllPub,Inside,Gtl,IDOTRR,Norm,Norm,1Fam,1.5Fin,8,6,2003,1950,Gable,CompShg,Wd Sdng,Wd Sdng,None,0,TA,Gd,PConc,TA,TA,No,Unf,Unf,GasA,TA,Y,SBrkr,782,596,0,1993,0,0,1,1,3,1,Gd,6,Typ,1,Gd,Detchd,1979,Unf,1,TA,TA,P,0,162,0,0,126,0,,,,0,12,2007,WD,Normal
60,RL,95,13453,Pave,,IR1,Lvl,AllPub,Corner,Gtl,CollgCr,Norm,Norm,1Fam,2Story,7,5,2005,2002,Gable,CompShg,VinylSd,VinylSd,None,0,Gd,TA,PConc,Gd,TA,No,GLQ,Unf,GasA,Ex,Y,SBrkr,922,942,0,1959,1,0,2,1,3,1,Gd,8,Typ,0,,BuiltIn,2002,RFn,2,TA,TA,Y,148,91,0,0,0,0,,,,0,6,2006,WD,Normal
180,RM,35,3678,Pave,,Reg,Lvl,AllPub,Inside,Gtl,Edwards,Norm,Norm,TwnhsE,SFoyer,,5,2004,2006,Gable,CompShg,VinylSd,VinylSd,BrkFace,80,TA,TA,Wood,Gd,TA,Gd,GLQ,Unf,GasA,Gd,Y,SBrkr,1074,0,0,,1,0,1,0,2,1,TA,5,Typ,0,,Basment,2005,Fin,2,TA,TA,Y,0,28,0,0,0,0,,,,0,4,2009,WD,Normal
20,RL,.,9822,Pave,,IR1,Lvl,AllPub,Inside,Gtl,Sawyer,Norm,Norm,1Fam,1Story,8,5,2006,1967,Gable,CompShg,MetalSd,MetalSd,BrkFace,31,TA,Gd,CBlock,TA,TA,No,BLQ,Unf,GasA,TA,Y,SBrkr,902,0,0,1635,0,0,1,0,3,1,TA,5,Typ,0,,Detchd,1970,Unf,1,TA,TA,Y,0,0,0,0,0,0,,MnPrv,,0,2,2010,WD,Normal
70,RM,52,3071,Pave,Gr,Reg,Lvl,AllPub,Inside,Gtl,OldTown,Norm,Norm,1Fam,2Story,8,8,2006,1993,Gable,CompShg,VinylSd,VinylSd,None,0,TA,Gd,BrkTil,TA,TA,No,Unf,Unf,GasA,Ex,Y,SBrkr,664,663,0,1829,0,1,1,0,3,1,TA,6,Typ,0,,Detchd,1920,Unf,1,TA,TA,Y,0,0,112,0,0,0,,GdPrv,,0,2,2010,WD,Normal
60,RL,63,9732,Pave,,IR1,Lvl,AllPub,Inside,Gtl,Gilbert,Norm,Norm,1Fam,2Story,7,5,2006,2007,Gable,CompShg,VinylSd,VinylSd,None,0,Gd,TA,PConc,Gd,TA,No,Unf,Unf,GasA,Ex,Y,SBrkr,700,1049,0,1978,1,0,2,1,3,1,Gd,6,Typ,1,Gd,BuiltIn,2007,Unf,3,TA,TA,Y,0,34,0,0,0,0,,,,0,6,2007,New,Partial
20,FV,62,7503,Pave,Pa,Reg,Lvl,AllPub,Inside,Gtl,Somerst,Norm,Norm,1Fam,1Story,8,5,2007,2008,Gable,CompShg,CemntBd,CmentBd,Stone,210,Gd,TA,PConc,Gd,TA,No,GLQ,Unf,GasA,Ex,Y,SBrkr,1220,0,0,1652,1,0,2,0,2,1,Gd,6,Typ,0,,Attchd,2008,Fin,2,TA,TA,Y,170,168,0,0,0,0,,,,0,4,2008,New,Partial
80,RL,.,9641,Pave,,IR1,Lvl,AllPub,CulDSac,Gtl,Edwards,Norm,Norm,1Fam,SLvl,8,6,,1977,Hip,CompShg,Plywood,Plywood,None,0,TA,TA,CBlock,TA,TA,Av,ALQ,Rec,GasA,TA,Y,SBrkr,1119,0,0,2065,1,0,1,0,3,1,TA,6,Typ,1,Fa,Attchd,1977,RFn,2,TA,TA,Y,294,0,0,0,0,0,,,,0,11,2008,WD,Normal
60,RL,96,10545,Pave,,Reg,Lvl,AllPub,Inside,Gtl,NoRidge,Norm,Norm,1Fam,2Story,7,5,1978,1994,Hip,CompShg,Wd Sdng,ImStucc,BrkFace,651,Gd,TA,PConc,Gd,TA,Gd,GLQ,Unf,GasA,Ex,Y,SBrkr,1327,1094,0,2785,1,0,2,1,3,1,Gd,9,Typ,1,TA,Attchd,1993,RFn,3,TA,TA,Y,252,154,216,0,0,0,,,,0,8,2008,WD,Normal
60,RL,.,11053,Pave,,Reg,Lvl,AllPub,Inside,Gtl,CollgCr,PosN,Norm,1Fam,2Story,6,5,1968,2000,Hip,CompShg,VinylSd,VinylSd,BrkFace,204,Gd,TA,PConc,Ex,TA,Mn,GLQ,Unf,GasA,Ex,Y,SBrkr,1478,678,0,2655,1,0,2,1,3,1,Ex,8,Typ,2,Ex,Attchd,2000,Fin,3,TA,TA,Y,255,142,0,0,0,0,,,,0,5,2009,WD,Normal
60,FV,.,7503,Pave,,Reg,Lvl,AllPub,Inside,Gtl,Somerst,Norm,Norm,1Fam,2Story,7,5,1936,2000,Gable,CompShg,VinylSd,VinylSd,None,0,Gd,TA,PConc,Gd,TA,No,GLQ,Unf,GasA,Ex,Y,SBrkr,816,861,0,2058,1,0,2,1,3,1,Gd,7,Typ,0,,Attchd,2000,RFn,2,TA,TA,Y,0,96,0,0,0,0,,,,0,1,2010,WD,Normal
60,RL,85,10628,Pave,,Reg,Lvl,AllPub,Inside,Gtl,NridgHt,Norm,Norm,1Fam,2Story,7,5,1990,2004,Gable,CompShg,VinylSd,VinylSd,BrkFace,292,Gd,TA,PConc,Gd,TA,No,GLQ,Unf,GasA,Ex,Y,SBrkr,1008,1041,0,2515,1,0,2,1,3,1,Gd,8,Typ,1,Gd,BuiltIn,2003,RFn,3,TA,TA,Y,322,62,0,0,0,0,,,,0,8,2008,WD,Normal
50,RL,89,11795,Pave,,Reg,Lvl,AllPub,Inside,Gtl,Edwards,Norm,Norm,1Fam,1.5Fin,7,5,2007,1950,Gable,CompShg,VinylSd,VinylSd,None,0,TA,TA,CBlock,TA,TA,No,Unf,Unf,GasA,Ex,N,FuseF,794,329,0,1373,0,0,1,0,2,1,Fa,5,Typ,0,,Detchd,1956,Unf,2,TA,Fa,P,0,0,0,0,160,0,,,,0,6,2010,WD,Abnorml
30,RM,90,8103,Pave,Pa,Reg,Lvl,AllPub,Inside,Gtl,OldTown,Norm,Norm,1Fam,1Story,6,6,1958,1973,Gable,CompShg,VinylSd,VinylSd,None,0,TA,TA,BrkTil,TA,TA,No,Rec,Unf,GasA,Gd,Y,SBrkr,1561,0,0,1651,1,0,1,0,2,1,TA,5,Min,0,,Detchd,1948,Unf,2,TA,TA,Y,0,116,230,0,0,0,,GdWo,,0,6,2007,COD,Normal
60,RL,80,11587,Pave,,Reg,Lvl,AllPub,Inside,Gtl,NWAmes,Norm,Norm,1Fam,SLvl,8,6,2000,1979,Hip,CompShg,HdBoard,HdBoard,BrkFace,96,TA,TA,CBlock,TA,TA,No,GLQ,Rec,GasA,TA,Y,SBrkr,1042,686,0,2053,0,0,2,1,3,1,TA,6,Typ,1,TA,Attchd,1979,RFn,2,TA,TA,Y,0,88,216,0,0,0,,,,0,11,2007,WD,Normal
120,RL,24,2283,Pave,,Reg,Lvl,AllPub,FR2,Gtl,NPkVill,Norm,Norm,Twnhs,1Story,8,5,2000,1975,Gable,CompShg,Plywood,Brk Cmn,None,0,TA,TA,CBlock,Gd,TA,No,ALQ,LwQ,GasA,TA,Y,SBrkr,1057,0,0,1653,0,1,2,0,2,1,TA,4,Typ,1,Fa,Attchd,1975,RFn,2,TA,TA,Y,0,27,0,0,0,0,,,,0,8,2009,WD,Normal
180,RM,.,1536,Pave,,Reg,Lvl,AllPub,Inside,Gtl,MeadowV,Norm,Norm,Twnhs,SLvl,8,5,2005,1970,Gable,CompShg,CemntBd,CmentBd,None,0,TA,TA,CBlock,Gd,TA,Av,GLQ,Unf,GasA,TA,Y,SBrkr,532,463,0,1954,1,0,1,0,2,1,TA,4,Typ,0,,BuiltIn,1970,Fin,1,TA,TA,Y,114,97,0,0,0,0,,,,0,7,2007,WD,Normal
60,RL,58,13207,Pave,,IR1,Lvl,AllPub,Inside,Gtl,Gilbert,RRAn,Norm,1Fam,2Story,7,5,1998,2007,Gable,CompShg,VinylSd,VinylSd,Stone,44,TA,TA,PConc,Gd,TA,No,Unf,Unf,GasA,Ex,Y,SBrkr,610,851,0,2386,0,0,2,0,3,1,Gd,6,Typ,0,,BuiltIn,2007,Fin,2,TA,TA,Y,102,33,0,0,0,0,,,,0,5,2007,New,Partial
60,FV,65,8128,Pave,,Reg,Lvl,AllPub,Inside,Gtl,Somerst,Norm,Norm,1Fam,2Story,6,5,1957,2005,Gable,CompShg,VinylSd,VinylSd,None,0,Gd,TA,PConc,Gd,TA,No,Unf,Unf,GasA,Ex,Y,SBrkr,860,859,0,1391,0,0,2,1,3,1,Gd,7,Typ,0,,Attchd,2005,RFn,2,TA,TA,Y,0,53,0,0,0,0,,,,0,2,2006,WD,Normal
50,RM,50,5928,Pave,,Reg,Lvl,AllPub,Inside,Gtl,OldTown,Norm,Norm,1Fam,1.5Fin,8,6,2004,1950,Gable,CompShg,MetalSd,MetalSd,None,0,TA,TA,BrkTil,Fa,TA,No,LwQ,Rec,GasA,Gd,N,SBrkr,763,381,0,1619,0,0,1,0,3,1,TA,6,Typ,0,,Detchd,1930,Unf,1,Fa,Fa,Y,0,0,96,0,0,0,,,,0,5,2007,ConL,Normal
160,FV,24,2547,Pave,Pa,Reg,Lvl,AllPub,Inside,Gtl,Somerst,Norm,Norm,Twnhs,2Story,8,5,2005,2005,Gable,CompShg,MetalSd,MetalSd,None,0,Gd,TA,PConc,Gd,TA,No,GLQ,ALQ,GasA,Ex,Y,SBrkr,602,601,0,1965,1,0,2,1,2,1,Gd,4,Typ,0,,Detchd,2004,RFn,2,TA,TA,Y,0,172,0,0,0,0,,,,0,2,2010,WD,Normal
80,RL,76,9883,Pave,,Reg,Lvl,AllPub,Inside,Gtl,Mitchel,Norm,Norm,1Fam,SLvl,7,6,2009,1977,Gable,CompShg,Plywood,Plywood,None,0,TA,TA,CBlock,TA,TA,Av,ALQ,Unf,GasA,TA,Y,SBrkr,1120,0,0,1853,1,0,1,0,3,1,TA,6,Typ,1,Po,Attchd,1977,Fin,1,TA,TA,Y,205,0,0,0,0,576,Gd,GdPrv,,0,7,2008,WD,Normal
70,RM,60,11343,Pave,,Reg,Lvl,AllPub,Inside,Gtl,OldTown,Norm,Norm,1Fam,2Story,7,1,2005,1950,Gable,CompShg,AsbShng,AsbShng,None,0,Fa,Fa,BrkTil,Fa,Fa,No,Unf,Unf,GasA,TA,N,SBrkr,725,364,0,1972,0,0,1,0,2,1,TA,5,Maj,0,,Detchd,1920,Unf,2,Fa,Po,N,0,24,144,0,0,0,,,,0,11,2008,ConL,Normal
20,RL,88,11446,Pave,,Reg,Lvl,AllPub,Inside,Gtl,Timber,Norm,Norm,1Fam,1Story,8,5,2006,2006,Hip,CompShg,VinylSd,VinylSd,BrkFace,208,Gd,TA,PConc,Ex,TA,Gd,GLQ,Unf,GasA,Ex,Y,SBrkr,2030,0,0,1686,1,0,2,0,2,1,Gd,7,Typ,2,Gd,Attchd,2005,RFn,3,TA,TA,Y,328,66,0,0,0,0,,,,0,3,2006,New,Partial
60,RL,80,10044,Pave,,IR1,Lvl,AllPub,Inside,Gtl,SawyerW,Norm,Norm,1Fam,2Story,8,5,2008,1992,Gable,CompShg,HdBoard,HdBoard,None,0,Gd,TA,PConc,Gd,TA,Mn,GLQ,Unf,GasA,Ex,Y,SBrkr,929,989,0,2043,1,0,2,1,3,1,Gd,8,Typ,1,TA,Attchd,1992,Fin,2,TA,TA,Y,122,150,0,0,0,0,,,,0,2,2006,WD,Abnorml
60,RL,80,9027,Pave,,IR1,Lvl,AllPub,Inside,Gtl,Gilbert,Norm,Norm,1Fam,2Story,8,5,2000,2004,Gable,CompShg,VinylSd,VinylSd,None,0,Gd,TA,PConc,Gd,TA,No,Unf,Unf,GasA,Ex,Y,SBrkr,815,703,0,1849,0,0,2,1,3,1,Gd,8,Typ,1,Gd,Attchd,2004,Fin,2,TA,TA,Y,0,75,0,0,0,0,,,,0,7,2008,WD,Normal
20,RL,.,13287,Pave,,Reg,Lvl,AllPub,Inside,Gtl,Sawyer,PosN,Norm,1Fam,1Story,8,5,2006,1954,Gable,CompShg,Wd Sdng,Plywood,None,0,TA,TA,PConc,Gd,TA,Mn,BLQ,Unf,GasA,TA,Y,SBrkr,1385,0,0,1325,1,0,1,0,3,1,TA,6,Typ,1,Gd,Attchd,1954,Unf,1,TA,TA,Y,513,116,0,0,0,0,,GdPrv,,0,6,2008,WD,Normal
20,RL,70,8053,Pave,,Reg,Lvl,AllPub,Inside,Gtl,NAmes,Norm,Norm,1Fam,1Story,,6,2003,1993,Gable,CompShg,MetalSd,MetalSd,None,0,TA,TA,CBlock,TA,TA,No,ALQ,BLQ,GasA,TA,Y,SBrkr,1109,0,0,2185,1,0,1,0,3,1,Gd,5,Typ,0,,Attchd,1967,RFn,1,TA,TA,Y,90,64,0,0,0,0,,,,0,3,2007,WD,Normal
70,RM,57,8097,Pave,Gr,Reg,Lvl,AllPub,Inside,Gtl,OldTown,Norm,Norm,1Fam,2Story,7,6,2004,1950,Gable,CompShg,MetalSd,MetalSd,None,0,TA,TA,PConc,TA,TA,No,Unf,Unf,GasA,Gd,Y,FuseA,1050,721,0,1948,0,0,2,0,3,1,TA,8,Typ,0,,Detchd,1930,Unf,2,Fa,Fa,Y,0,0,150,0,0,0,,,,0,6,2009,WD,Normal
70,RM,50,9063,Pave,,Reg,Lvl,AllPub,Inside,Gtl,IDOTRR,Norm,Norm,1Fam,2Story,8,6,1998,1999,Gable,CompShg,Wd Sdng,Plywood,None,0,TA,TA,BrkTil,Gd,TA,No,ALQ,Unf,GasA,Ex,Y,SBrkr,944,887,0,1917,0,0,2,0,3,1,Gd,6,Typ,0,,Detchd,.,,.,,,Y,176,0,212,0,0,0,,MnPrv,,0,3,2007,WD,Alloca
20,RL,114,10360,Pave,,IR1,Lvl,AllPub,Corner,Gtl,SawyerW,Feedr,Norm,1Fam,1Story,8,5,2006,1991,Hip,CompShg,HdBoard,HdBoard,None,0,Gd,TA,PConc,Gd,TA,Mn,GLQ,Unf,GasA,Gd,Y,SBrkr,1444,0,0,1637,1,0,2,0,3,1,Gd,6,Typ,1,TA,Attchd,1990,Fin,2,TA,TA,Y,0,244,0,0,0,0,,,,0,5,2007,WD,Normal
30,RM,60,9789,Pave,,Reg,Lvl,AllPub,Inside,Gtl,IDOTRR,Norm,Norm,1Fam,1Story,8,4,2007,1950,Hip,CompShg,Wd Sdng,Wd Sdng,None,0,TA,TA,BrkTil,TA,Fa,No,Unf,Unf,GasA,Fa,N,SBrkr,1079,0,0,1793,0,0,1,0,3,1,TA,6,Typ,1,Gd,Detchd,1922,Unf,1,TA,Fa,P,0,100,48,0,0,0,,,,0,5,2006,WD,Normal
120,FV,35,4112,Pave,,IR1,Lvl,AllPub,Inside,Gtl,Somerst,Norm,Norm,TwnhsE,1Story,7,5,1980,2000,Gable,CompShg,VinylSd,VinylSd,BrkFace,260,Gd,TA,PConc,Gd,TA,Av,GLQ,Unf,GasA,Ex,Y,SBrkr,1559,0,0,2363,1,0,2,0,2,1,Ex,5,Typ,1,TA,Attchd,1999,RFn,2,TA,TA,Y,126,113,0,0,0,0,,,,0,6,2008,WD,Normal
60,RL,63,10931,Pave,,Reg,Lvl,AllPub,Inside,Gtl,Gilbert,RRAn,Norm,1Fam,2Story,7,5,1993,2005,Gable,CompShg,VinylSd,VinylSd,None,0,Gd,TA,PConc,Gd,Gd,No,Unf,Unf,GasA,Ex,Y,SBrkr,730,729,0,2076,0,0,2,1,3,1,Gd,8,Typ,1,Gd,Attchd,2005,Fin,2,TA,TA,Y,102,0,0,0,0,0,,,,0,6,2009,WD,Normal
120,RL,.,5274,Pave,,IR1,Low,AllPub,Inside,Mod,ClearCr,Norm,Norm,1Fam,1Story,6,5,1954,1986,Gable,CompShg,Wd Sdng,Wd Sdng,None,0,TA,TA,PConc,Gd,TA,Gd,GLQ,Unf,GasA,Gd,Y,SBrkr,1455,0,0,2423,1,0,1,1,2,1,Gd,6,Typ,1,TA,Attchd,1986,RFn,2,TA,TA,Y,0,80,0,0,184,0,,,,0,12,2006,WD,Abnorml
60,FV,75,9378,Pave,,Reg,Lvl,AllPub,Inside,Gtl,Somerst,Norm,Norm,1Fam,2Story,8,5,2002,2004,Gable,CompShg,VinylSd,VinylSd,None,0,Gd,TA,PConc,Gd,TA,No,Unf,Unf,GasA,Ex,Y,SBrkr,914,1183,0,1990,0,0,2,1,4,1,Gd,8,Typ,1,Gd,BuiltIn,2003,Fin,2,TA,TA,Y,184,182,0,0,0,0,,,,0,11,2009,WD,Normal
20,RL,.,17603,Pave,,IR1,Lvl,AllPub,Inside,Gtl,NAmes,Norm,Norm,1Fam,1Story,8,5,2006,1960,Gable,CompShg,Wd Sdng,Wd Sdng,BrkFace,30,TA,TA,CBlock,TA,TA,No,BLQ,Unf,GasA,Ex,Y,FuseA,1480,0,0,1718,1,0,2,0,3,1,TA,6,Typ,2,Gd,Attchd,1960,Unf,2,TA,TA,Y,0,40,0,0,0,0,,,,0,12,2009,WD,Normal
120,RL,48,6243,Pave,,Reg,Lvl,AllPub,Inside,Gtl,NridgHt,Norm,Norm,TwnhsE,1Story,8,5,2006,2007,Hip,CompShg,MetalSd,MetalSd,BrkFace,176,Gd,TA,PConc,Gd,TA,No,GLQ,Unf,GasA,Ex,Y,SBrkr,1344,0,0,1607,1,0,2,0,2,1,Gd,6,Typ,1,Gd,Attchd,2007,Fin,2,TA,TA,Y,0,35,0,0,0,0,,,,0,6,2008,WD,Normal
90,RL,100,25003,Pave,,Reg,Low,AllPub,Inside,Gtl,Mitchel,Norm,Norm,Duplex,1Story,8,4,,1967,Gable,CompShg,HdBoard,Plywood,None,0,TA,TA,CBlock,TA,TA,Av,Unf,Unf,GasA,TA,Y,SBrkr,1634,0,0,2291,0,0,2,0,4,2,TA,8,Typ,0,,Attchd,1967,Unf,2,TA,TA,P,0,0,0,0,0,0,,,,0,6,2007,WD,Normal
85,RL,.,10467,Pave,,IR1,Lvl,AllPub,FR3,Gtl,NWAmes,Norm,Norm,1Fam,SFoyer,6,6,1966,1980,Gable,CompShg,HdBoard,HdBoard,BrkFace,130,TA,TA,CBlock,Gd,TA,Av,GLQ,Unf,GasA,TA,Y,SBrkr,1104,0,0,1568,1,0,1,0,2,1,TA,5,Typ,1,TA,Attchd,1980,RFn,2,TA,TA,Y,142,22,0,0,0,0,,,,0,6,2006,WD,Normal
20,RL,78,11648,Pave,,Reg,Lvl,AllPub,Inside,Gtl,CollgCr,Norm,Norm,1Fam,1Story,8,5,2007,2006,Gable,CompShg,VinylSd,VinylSd,Stone,76,Gd,TA,PConc,Ex,TA,Gd,GLQ,Unf,GasA,Ex,Y,SBrkr,1500,0,0,1661,0,0,2,0,3,1,Gd,7,Typ,1,Gd,Attchd,2005,Fin,3,TA,TA,Y,146,98,0,0,0,0,,,,0,3,2009,WD,Normal
20,RL,74,13011,Pave,,IR1,Lvl,AllPub,Inside,Gtl,NAmes,Norm,Norm,1Fam,1Story,6,5,1920,1956,Gable,CompShg,MetalSd,MetalSd,None,0,TA,TA,CBlock,Fa,Fa,No,Rec,Unf,GasA,TA,Y,SBrkr,884,0,0,2793,0,0,1,0,2,1,TA,5,Typ,0,,Attchd,1956,Unf,1,TA,TA,Y,0,0,0,0,0,0,,,,0,10,2009,WD,Normal
60,RL,57,8776,Pave,,IR1,HLS,AllPub,Inside,Gtl,Gilbert,Norm,Norm,1Fam,2Story,4,5,1954,1997,Gable,CompShg,VinylSd,VinylSd,None,0,TA,TA,PConc,Gd,TA,Av,Unf,Unf,GasA,Gd,Y,SBrkr,918,685,0,1664,0,0,2,1,3,1,TA,7,Typ,1,TA,Attchd,1997,Fin,2,TA,TA,Y,102,38,0,0,0,0,,,,0,8,2007,WD,Normal
20,RL,85,14085,Pave,,IR1,HLS,AllPub,Inside,Gtl,StoneBr,Norm,Norm,1Fam,1Story,8,5,2007,2006,Hip,CompShg,VinylSd,VinylSd,BrkFace,945,Gd,TA,PConc,Ex,Gd,Gd,GLQ,Unf,GasA,Ex,Y,SBrkr,2236,0,0,1601,1,0,1,1,1,1,Gd,7,Typ,1,Gd,Attchd,2006,RFn,2,TA,TA,Y,392,80,0,0,0,0,,,,0,1,2007,WD,Normal
50,RL,78,10499,Pave,,Reg,Lvl,AllPub,Inside,Gtl,NAmes,Artery,Norm,1Fam,1.5Fin,6,6,1967,1950,Gable,CompShg,Wd Sdng,Wd Sdng,BrkFace,320,TA,TA,CBlock,TA,TA,Mn,Rec,Unf,GasA,Ex,Y,SBrkr,1170,679,0,2641,0,0,2,0,3,1,TA,7,Typ,1,Gd,Attchd,1949,Unf,1,TA,TA,Y,0,0,0,0,0,0,,GdWo,,0,1,2007,WD,Normal
60,RL,70,11609,Pave,,IR1,HLS,AllPub,Inside,Sev,NAmes,Norm,Norm,1Fam,2Story,8,5,2005,1969,Gable,CompShg,Plywood,Plywood,BrkFace,192,TA,TA,PConc,Gd,TA,Av,Rec,Unf,GasA,TA,Y,SBrkr,1042,1041,0,1845,0,1,1,2,5,1,Fa,9,Typ,2,TA,Attchd,1969,Unf,2,TA,TA,Y,337,0,0,0,0,0,,,,0,9,2007,WD,Family
160,RM,36,2595,Pave,,Reg,Lvl,AllPub,Inside,Gtl,MeadowV,Norm,Norm,TwnhsE,2Story,8,3,2007,1976,Gable,CompShg,CemntBd,CmentBd,None,0,TA,TA,CBlock,Gd,TA,No,Rec,BLQ,GasA,TA,Y,SBrkr,538,577,0,1862,0,0,1,1,3,1,TA,4,Typ,0,,Attchd,1976,Unf,1,TA,TA,Y,184,0,0,0,0,0,,,,0,4,2010,WD,Normal
190,RM,63,11429,Pave,Gr,Reg,Lvl,AllPub,Inside,Gtl,OldTown,Norm,Norm,2fmCon,1.5Fin,6,6,1958,1996,Gable,CompShg,Wd Sdng,Wd Sdng,None,0,TA,TA,Stone,TA,TA,No,Unf,Unf,GasA,Gd,Y,FuseA,830,659,108,,0,0,2,0,3,2,TA,9,Typ,0,,,.,,0,,,N,0,172,109,0,0,0,,,,0,6,2008,WD,Normal
50,RM,60,10803,Pave,,Reg,Lvl,AllPub,Inside,Gtl,OldTown,Artery,Norm,1Fam,1.5Fin,5,6,1950,1950,Gable,CompShg,MetalSd,MetalSd,None,0,TA,Gd,PConc,Fa,TA,No,LwQ,Unf,GasA,TA,Y,SBrkr,968,687,0,2316,1,0,2,0,4,1,TA,7,Typ,0,,Detchd,1961,Unf,1,TA,TA,Y,0,0,196,0,0,0,,,Shed,1200,6,2010,WD,Normal
20,RL,73,9858,Pave,,Reg,Lvl,AllPub,Corner,Gtl,Edwards,Norm,Norm,1Fam,1Story,8,5,1935,1956,Hip,CompShg,Wd Sdng,Wd Sdng,None,0,TA,TA,CBlock,TA,TA,No,Unf,Unf,GasA,Fa,Y,SBrkr,1691,0,0,1874,0,0,1,0,3,1,TA,7,Typ,1,Gd,Attchd,1956,Unf,2,TA,TA,Y,0,0,0,0,0,0,,MnPrv,,0,11,2009,COD,Normal
20,RL,105,11754,Pave,,IR1,Lvl,AllPub,Inside,Gtl,NWAmes,Norm,Norm,1Fam,1Story,7,6,1941,1977,Hip,CompShg,Plywood,Plywood,BrkFace,480,TA,TA,CBlock,Gd,TA,No,BLQ,Unf,GasA,Ex,Y,SBrkr,1846,0,0,2134,0,0,2,0,3,1,TA,7,Typ,1,TA,Attchd,1977,RFn,2,TA,TA,Y,0,122,0,0,0,0,,MnPrv,,0,1,2010,COD,Normal
80,RL,80,9603,Pave,,Reg,Lvl,AllPub,FR2,Gtl,Veenker,Feedr,Norm,1Fam,SLvl,8,7,2002,1994,Hip,CompShg,Plywood,Plywood,BrkFace,360,Gd,Gd,CBlock,TA,TA,No,Unf,Unf,GasA,Ex,Y,SBrkr,1096,762,0,2005,0,0,2,1,3,1,TA,7,Typ,1,TA,Attchd,1976,RFn,2,TA,TA,Y,115,100,0,0,0,0,,,,0,8,2007,WD,Normal
50,RL,60,11103,Pave,,Reg,Lvl,AllPub,Inside,Gtl,Edwards,Norm,Norm,1Fam,1.5Fin,,6,2008,1994,Gable,CompShg,Wd Sdng,Wd Sdng,None,0,TA,TA,PConc,TA,TA,Mn,LwQ,Unf,GasA,TA,N,SBrkr,1082,401,0,1659,1,0,1,0,4,1,TA,7,Typ,1,Gd,Attchd,1951,Unf,1,TA,TA,Y,0,0,68,0,0,0,,,,0,7,2007,WD,Normal
50,RM,50,7003,Pave,,Reg,Lvl,AllPub,Corner,Gtl,IDOTRR,Norm,Norm,1Fam,1.5Fin,6,7,1957,1950,Gable,CompShg,Wd Sdng,Wd Sdng,None,0,TA,TA,BrkTil,TA,TA,No,ALQ,Unf,GasA,Gd,Y,FuseA,722,496,0,1840,0,0,1,0,3,1,Gd,6,Typ,0,,Detchd,1965,Fin,2,TA,TA,Y,0,0,30,0,0,0,,MnPrv,,0,5,2007,WD,Normal
30,RL,85,19553,Pave,,Reg,Lvl,AllPub,Inside,Gtl,Edwards,Norm,Norm,1Fam,1Story,8,7,2004,2007,Flat,Tar&Grv,PreCast,PreCast,None,0,TA,TA,PConc,TA,TA,Gd,ALQ,Unf,GasA,Ex,Y,SBrkr,1520,0,0,2374,1,0,1,0,2,1,Fa,5,Typ,2,Gd,,.,,0,,,Y,0,39,0,0,0,0,,,,0,1,2008,WD,Normal
50,RM,60,10323,Pave,Gr,Reg,Lvl,AllPub,Inside,Gtl,IDOTRR,Norm,Norm,1Fam,1.5Fin,8,7,1998,1995,Gable,CompShg,MetalSd,MetalSd,None,0,TA,TA,CBlock,TA,TA,No,Unf,Unf,GasA,Ex,Y,SBrkr,758,714,0,2264,0,0,1,0,3,1,TA,7,Typ,0,,Detchd,1906,Unf,1,TA,TA,Y,59,0,239,0,0,0,,MnPrv,,0,6,2008,WD,Normal
20,RL,70,7948,Pave,,Reg,Lvl,AllPub,Inside,Gtl,NAmes,Norm,Norm,1Fam,1Story,8,6,2005,1959,Gable,CompShg,BrkFace,Wd Sdng,None,0,TA,TA,CBlock,TA,TA,No,ALQ,BLQ,GasA,Ex,Y,FuseA,1152,0,0,1823,1,0,1,0,3,1,TA,6,Typ,0,,Attchd,1959,RFn,1,TA,TA,Y,0,0,0,0,0,0,,,,0,5,2006,WD,Normal
50,RL,.,7018,Pave,,IR1,Bnk,AllPub,Corner,Gtl,BrkSide,Norm,Norm,1Fam,1.5Fin,7,4,2004,1950,Gable,CompShg,MetalSd,MetalSd,BrkCmn,161,TA,TA,CBlock,TA,TA,No,LwQ,Unf,GasA,TA,Y,SBrkr,981,225,0,1531,1,0,1,0,3,1,Gd,5,Typ,1,TA,Detchd,1950,Unf,1,TA,TA,Y,0,0,248,0,0,0,,,,0,7,2009,WD,Normal
30,RM,60,8970,Pave,,Reg,Lvl,AllPub,Corner,Gtl,IDOTRR,Norm,Norm,1Fam,1Story,6,2,1945,1950,Gable,CompShg,MetalSd,MetalSd,None,0,TA,Fa,BrkTil,Fa,Po,No,Unf,Unf,GasA,Gd,Y,Mix,1079,0,0,2321,0,0,1,0,2,1,TA,6,Maj,0,,Detchd,1920,Unf,1,Po,Po,N,0,0,0,0,0,0,,,,0,11,2007,WD,Abnorml
70,RM,68,9931,Pave,Gr,Reg,Lvl,AllPub,Inside,Gtl,OldTown,Norm,Norm,1Fam,2Story,7,8,2004,1994,Gable,CompShg,Wd Sdng,Wd Sdng,None,0,TA,Gd,BrkTil,TA,TA,No,Unf,Unf,GasA,Fa,Y,SBrkr,1274,673,0,1489,0,0,2,0,3,1,TA,8,Min,0,,Detchd,1915,Unf,1,TA,TA,N,26,28,0,0,0,0,,,Shed,400,6,2009,WD,Normal
60,RL,122,11914,Pave,,IR2,Lvl,AllPub,Inside,Gtl,Gilbert,Norm,Norm,1Fam,2Story,7,5,1979,2005,Gable,CompShg,VinylSd,VinylSd,None,0,Gd,TA,PConc,Gd,TA,Av,Unf,Unf,GasA,Ex,Y,SBrkr,686,877,0,1525,0,0,2,1,3,1,Gd,6,Typ,1,Gd,BuiltIn,2005,Fin,2,TA,TA,Y,102,38,0,0,0,0,,,,0,3,2009,WD,Normal
20,RL,88,9683,Pave,,Reg,Lvl,AllPub,Inside,Gtl,NAmes,Norm,Norm,1Fam,1Story,7,6,2005,1967,Gable,CompShg,Wd Sdng,Plywood,BrkFace,268,TA,TA,CBlock,TA,TA,No,BLQ,Unf,GasA,Ex,Y,SBrkr,1512,0,0,1531,1,0,2,0,3,1,Gd,6,Typ,0,,Attchd,1967,RFn,2,TA,TA,Y,0,40,0,0,204,0,,GdPrv,,0,4,2010,WD,Normal
50,RL,60,9741,Pave,,Reg,Lvl,AllPub,Inside,Gtl,Edwards,Norm,Norm,1Fam,1.5Fin,7,7,1980,1950,Gable,CompShg,AsbShng,AsbShng,None,0,TA,Gd,BrkTil,TA,TA,No,BLQ,Unf,GasA,Gd,Y,SBrkr,951,273,0,2354,1,0,1,0,4,1,TA,7,Typ,0,,Attchd,1965,Unf,1,TA,TA,Y,0,0,236,0,0,0,,,,0,3,2006,WD,Normal
160,RM,21,1893,Pave,,Reg,Lvl,AllPub,Inside,Gtl,BrDale,Norm,Norm,Twnhs,2Story,7,5,1993,1973,Gable,CompShg,HdBoard,HdBoard,BrkFace,285,TA,TA,CBlock,TA,TA,No,BLQ,Unf,GasA,TA,Y,SBrkr,674,547,0,2647,0,0,1,1,3,1,TA,7,Typ,0,,Detchd,1973,Unf,1,TA,TA,Y,146,28,0,0,0,0,,,,0,5,2007,WD,Normal
70,RL,53,10921,Pave,,Reg,Lvl,AllPub,Inside,Gtl,Crawfor,Norm,Norm,1Fam,2Story,7,9,1995,2004,Gambre,CompShg,MetalSd,MetalSd,None,0,Gd,TA,BrkTil,Gd,TA,No,Unf,Unf,GasA,Ex,Y,SBrkr,1278,805,0,2062,0,0,1,1,3,1,Gd,9,Typ,2,Gd,Detchd,1926,Unf,1,TA,TA,Y,0,0,0,0,145,0,,MnPrv,,0,6,2009,WD,Normal
60,RL,.,10403,Pave,,Reg,Lvl,AllPub,Inside,Gtl,CollgCr,Norm,Norm,1Fam,2Story,5,5,1940,2001,Gable,CompShg,VinylSd,VinylSd,BrkFace,227,Gd,TA,PConc,Gd,TA,No,Unf,Unf,GasA,Ex,Y,SBrkr,1292,872,0,1519,0,0,2,1,3,1,Gd,8,Typ,1,TA,Attchd,2001,RFn,2,TA,TA,Y,0,84,0,0,0,0,,,,0,6,2008,WD,Normal
60,RL,.,7658,Pave,,IR1,Lvl,AllPub,CulDSac,Gtl,Gilbert,Norm,Norm,1Fam,2Story,6,5,1995,1994,Gable,CompShg,HdBoard,HdBoard,None,0,TA,TA,PConc,Gd,TA,No,Unf,Unf,GasA,Gd,Y,SBrkr,912,733,0,2815,0,0,2,1,3,1,TA,7,Typ,1,TA,Attchd,1993,RFn,2,TA,TA,Y,292,84,0,0,0,0,,,,0,7,2007,WD,Normal
20,RL,68,8817,Pave,,Reg,Lvl,AllPub,Inside,Gtl,CollgCr,Norm,Norm,1Fam,1Story,8,5,2005,2006,Gable,CompShg,VinylSd,VinylSd,Stone,180,Gd,TA,PConc,Gd,TA,No,GLQ,Unf,GasA,Ex,Y,SBrkr,1606,0,0,1539,1,0,2,1,3,1,Gd,8,Typ,1,Gd,Attchd,2006,RFn,2,TA,TA,Y,125,110,0,0,0,0,,,,0,3,2009,WD,Abnorml
90,RL,80,8003,Pave,,Reg,Lvl,AllPub,Corner,Gtl,NAmes,Artery,Norm,Duplex,1Story,7,4,1974,1961,Gable,CompShg,BrkFace,BrkFace,None,0,TA,TA,CBlock,TA,TA,No,Unf,Unf,GasA,Ex,N,SBrkr,1802,0,0,2647,0,0,2,0,6,2,TA,10,Typ,0,,,.,,0,,,Y,0,0,0,0,0,0,,,,0,7,2007,WD,Normal
20,RL,86,14160,Pave,,IR1,HLS,AllPub,Corner,Gtl,StoneBr,Norm,Norm,1Fam,1Story,8,5,,2006,Hip,CompShg,VinylSd,VinylSd,Stone,200,Gd,TA,PConc,Ex,TA,Gd,GLQ,Unf,GasA,Ex,Y,SBrkr,1924,0,0,2418,1,0,2,0,3,1,Gd,8,Typ,1,Gd,Attchd,2005,Fin,3,TA,TA,Y,180,51,0,0,0,0,,,,0,7,2007,WD,Normal
20,RL,.,11428,Pave,,IR1,Lvl,AllPub,Corner,Gtl,NAmes,Norm,Norm,1Fam,1Story,7,6,2005,1954,Gable,CompShg,BrkFace,BrkFace,None,0,TA,TA,CBlock,TA,TA,No,BLQ,Unf,GasA,Gd,Y,SBrkr,1010,0,0,1735,0,0,1,0,2,1,TA,4,Typ,1,Gd,Attchd,1954,RFn,1,TA,TA,Y,0,0,120,0,0,0,,,,0,7,2006,WD,Normal
20,RL,65,8453,Pave,,Reg,Lvl,AllPub,Inside,Gtl,Sawyer,RRAe,Norm,1Fam,1Story,8,8,2007,2009,Gable,CompShg,MetalSd,MetalSd,None,0,TA,Gd,CBlock,TA,TA,No,GLQ,BLQ,GasA,Ex,Y,SBrkr,896,0,0,2153,1,0,1,0,3,1,TA,5,Typ,1,Gd,Detchd,1973,Unf,1,TA,TA,Y,418,144,0,0,0,0,,MnPrv,,0,4,2010,WD,Normal
75,RL,84,9663,Pave,,Reg,Lvl,AllPub,Inside,Gtl,NoRidge,Norm,Norm,1Fam,2.5Unf,8,5,2007,1997,Hip,CompShg,HdBoard,HdBoard,BrkFace,1290,Gd,TA,PConc,Gd,TA,No,Unf,Unf,GasA,Ex,Y,SBrkr,1184,1018,0,1543,0,0,2,1,3,1,Gd,9,Typ,1,TA,Attchd,1997,Fin,2,TA,TA,Y,0,131,0,0,0,0,,,,0,9,2008,WD,Normal
50,RM,75,13713,Pave,,Reg,Lvl,AllPub,Inside,Gtl,IDOTRR,Norm,Norm,1Fam,1.5Fin,7,5,1996,1950,Gable,CompShg,Wd Sdng,Wd Sdng,None,0,TA,TA,CBlock,TA,TA,No,BLQ,Unf,GasA,TA,Y,FuseA,912,649,0,1721,0,0,1,1,4,1,TA,6,Typ,0,,Attchd,1950,Unf,1,TA,TA,Y,291,0,0,0,0,0,,MnPrv,,0,6,2007,WD,Normal
60,RL,75,9320,Pave,,Reg,Lvl,AllPub,Inside,Gtl,SawyerW,Norm,Norm,1Fam,2Story,8,5,2007,2001,Gable,CompShg,VinylSd,VinylSd,None,0,Gd,Gd,PConc,Gd,Gd,No,GLQ,Unf,GasA,Ex,Y,SBrkr,1031,930,0,1585,1,0,2,1,3,1,Gd,7,Typ,1,TA,Attchd,1994,RFn,2,TA,TA,Y,204,93,0,0,0,0,,,,0,7,2007,CWD,Normal
20,RL,.,53230,Pave,,IR1,Low,AllPub,CulDSac,Mod,ClearCr,Norm,Norm,1Fam,1Story,8,6,2001,1994,Flat,Tar&Grv,Plywood,Plywood,None,0,TA,TA,CBlock,Gd,TA,Gd,BLQ,Unf,GasA,Ex,Y,SBrkr,1665,0,0,1873,1,0,1,0,2,1,Gd,6,Min,2,Gd,Attchd,1954,Fin,2,TA,TA,Y,226,137,0,0,0,0,,,,0,3,2008,WD,Normal
70,RM,51,6123,Pave,,Reg,Lvl,AllPub,Inside,Gtl,BrkSide,Norm,Norm,1Fam,2Story,8,8,1994,2004,Gable,CompShg,MetalSd,MetalSd,None,0,TA,TA,BrkTil,TA,TA,Mn,Unf,Unf,GasA,Ex,Y,SBrkr,941,575,0,1625,0,0,1,1,4,1,TA,8,Typ,0,,Detchd,1933,Unf,1,Fa,Fa,N,26,0,150,0,0,0,,,,0,5,2007,WD,Normal
80,RL,62,7753,Pave,,Reg,Lvl,AllPub,Inside,Gtl,Gilbert,Norm,Norm,1Fam,SLvl,,5,1990,2000,Gable,CompShg,VinylSd,VinylSd,None,0,TA,TA,PConc,Gd,TA,No,Unf,Unf,GasA,Ex,Y,SBrkr,776,657,0,2330,0,0,2,1,3,1,TA,7,Typ,1,TA,BuiltIn,1999,RFn,2,TA,TA,Y,0,0,0,0,0,0,,,,0,3,2009,WD,Normal
60,RL,42,8436,Pave,,IR1,Lvl,AllPub,Inside,Gtl,Gilbert,Norm,Norm,1Fam,2Story,8,5,2008,2000,Gable,CompShg,VinylSd,VinylSd,None,0,TA,TA,PConc,Gd,TA,No,GLQ,Unf,GasA,Ex,Y,SBrkr,821,696,0,1567,1,0,2,1,3,1,TA,7,Typ,1,TA,Attchd,2000,Fin,2,TA,TA,Y,0,72,0,0,0,0,,,,0,6,2009,WD,Normal
120,RL,48,5914,Pave,,Reg,Lvl,AllPub,Inside,Gtl,NridgHt,Norm,Norm,TwnhsE,1Story,7,5,1968,2005,Hip,CompShg,MetalSd,MetalSd,BrkFace,278,Ex,TA,PConc,Ex,TA,No,GLQ,Unf,GasA,Ex,Y,SBrkr,1567,0,0,2157,1,0,2,0,2,1,Ex,6,Typ,1,Gd,Attchd,2005,RFn,2,TA,TA,Y,198,56,0,0,0,0,,,,0,3,2006,WD,Normal
160,FV,24,2547,Pave,Pa,Reg,Lvl,AllPub,Inside,Gtl,Somerst,Norm,Norm,Twnhs,2Story,7,5,2003,2005,Gable,CompShg,VinylSd,VinylSd,BrkFace,216,Gd,TA,PConc,Gd,TA,No,GLQ,Unf,GasA,Ex,Y,SBrkr,602,637,0,2095,1,0,2,1,2,1,Gd,4,Typ,0,,Detchd,2005,RFn,2,TA,TA,Y,0,166,0,0,0,0,,,,0,5,2010,WD,Normal
190,RL,70,7003,Pave,,Reg,Lvl,AllPub,Inside,Gtl,Edwards,Norm,Norm,2fmCon,2Story,8,7,1992,1991,Gable,CompShg,MetalSd,MetalSd,None,0,TA,TA,CBlock,Gd,TA,Gd,GLQ,Unf,GasA,TA,Y,SBrkr,822,528,0,2203,1,0,1,0,3,1,TA,5,Typ,0,,,.,,0,,,N,87,0,148,0,0,0,,,,0,1,2008,WD,Normal
20,RL,110,14303,Pave,,Reg,HLS,AllPub,Inside,Mod,NridgHt,Norm,Norm,1Fam,1Story,7,5,1950,2004,Hip,CompShg,VinylSd,VinylSd,BrkFace,1095,Ex,TA,PConc,Ex,TA,Gd,GLQ,Unf,GasA,Ex,Y,SBrkr,2698,0,0,2162,1,0,2,1,3,1,Ex,10,Typ,2,Gd,Attchd,2003,Fin,3,TA,TA,Y,222,150,0,0,0,0,,,,0,6,2010,WD,Normal
160,RM,21,1683,Pave,,Reg,Lvl,AllPub,Inside,Gtl,BrDale,Norm,Norm,TwnhsE,2Story,8,3,2009,1971,Gable,CompShg,HdBoard,HdBoard,BrkFace,604,TA,TA,CBlock,TA,TA,No,ALQ,Unf,GasA,TA,Y,SBrkr,485,505,0,1936,0,0,1,1,2,1,TA,5,Typ,0,,Detchd,1971,Unf,1,TA,TA,Y,0,0,0,0,0,0,,,,0,8,2008,WD,Normal
120,RM,31,2397,Pave,,Reg,Low,AllPub,Inside,Mod,MeadowV,Norm,Norm,Twnhs,1Story,8,6,1993,1973,Gable,CompShg,CemntBd,CmentBd,None,0,TA,TA,CBlock,Gd,TA,Gd,GLQ,Unf,GasA,Ex,Y,SBrkr,947,0,0,2233,1,1,1,0,2,1,TA,5,Typ,1,Po,Attchd,1973,RFn,1,TA,TA,Y,176,0,56,0,108,0,,,,0,5,2010,WD,Normal
70,RL,113,21284,Pave,,Reg,Lvl,AllPub,Inside,Gtl,NAmes,Norm,Norm,1Fam,2Story,9,4,2008,2007,Gable,CompShg,Wd Sdng,MetalSd,None,0,TA,TA,BrkTil,TA,Fa,No,Unf,Unf,GasA,Gd,Y,SBrkr,1310,1779,0,1507,0,0,3,1,4,1,Gd,9,Min,0,,BuiltIn,2007,Unf,3,TA,TA,Y,0,208,290,0,156,0,,,,0,11,2007,WD,Family
80,RM,75,6003,Pave,,Reg,Lvl,AllPub,Inside,Gtl,IDOTRR,Norm,Norm,1Fam,SLvl,8,5,2008,1967,Hip,CompShg,HdBoard,Plywood,None,0,Fa,TA,CBlock,Gd,TA,Mn,Rec,Unf,GasA,Ex,Y,SBrkr,1094,565,0,1837,0,0,1,1,3,1,TA,7,Mod,1,Po,Attchd,1967,Unf,1,TA,TA,Y,0,180,0,0,100,0,,MnPrv,,0,7,2008,WD,Normal
20,RL,80,8703,Pave,,Reg,Lvl,AllPub,Inside,Gtl,NAmes,Norm,Norm,1Fam,1Story,8,6,2006,1963,Hip,CompShg,MetalSd,MetalSd,BrkFace,148,TA,Gd,CBlock,TA,TA,Mn,ALQ,Unf,GasA,Gd,Y,SBrkr,1130,0,0,1568,1,0,2,0,3,1,TA,6,Typ,0,,Attchd,1963,RFn,2,TA,TA,Y,194,20,123,0,0,0,,MnPrv,,0,12,2008,WD,Normal
20,RL,63,7503,Pave,,Reg,Lvl,AllPub,Inside,Gtl,SawyerW,Norm,Norm,1Fam,1Story,8,5,2007,2007,Gable,CompShg,VinylSd,VinylSd,None,0,TA,TA,PConc,Gd,TA,No,Unf,Unf,GasA,Ex,Y,SBrkr,1102,0,0,1781,0,0,1,1,3,1,TA,6,Typ,0,,,.,,0,,,Y,0,136,0,0,0,0,,,,0,6,2007,New,Partial
60,RL,.,8177,Pave,,IR1,Lvl,AllPub,Inside,Gtl,Gilbert,Norm,Norm,1Fam,2Story,7,5,1996,2003,Gable,CompShg,VinylSd,VinylSd,None,0,Gd,TA,PConc,Gd,TA,No,GLQ,Unf,GasA,Ex,Y,SBrkr,700,645,0,2345,1,0,2,1,3,1,Gd,7,Typ,1,TA,Attchd,2003,Fin,2,TA,TA,Y,102,56,0,0,0,0,,,,0,5,2009,WD,Normal
190,RM,33,4459,Pave,,Reg,Lvl,AllPub,Inside,Gtl,OldTown,Norm,Norm,2fmCon,2Story,6,5,2004,2008,Gable,CompShg,MetalSd,MetalSd,None,0,TA,TA,BrkTil,TA,TA,No,Unf,Unf,GasA,Gd,Y,SBrkr,738,717,0,2444,0,0,2,0,2,3,TA,8,Typ,0,,,.,,0,,,N,0,0,102,0,0,0,,,,0,6,2009,New,Partial
20,RL,.,15786,Pave,,Reg,Lvl,AllPub,Inside,Gtl,OldTown,Artery,Norm,1Fam,1Story,8,5,2006,1952,Gable,CompShg,Wd Sdng,Wd Sdng,None,0,TA,TA,CBlock,TA,TA,No,Rec,Unf,GasA,TA,Y,SBrkr,926,0,0,1485,0,0,1,0,2,1,TA,6,Typ,0,,Detchd,1952,Unf,1,TA,TA,Y,0,324,0,0,0,0,,MnPrv,Shed,400,6,2007,WD,Normal
20,RL,60,7203,Pave,,Reg,Lvl,AllPub,Corner,Gtl,NAmes,Norm,Norm,1Fam,1Story,7,7,1880,1952,Gable,CompShg,MetalSd,MetalSd,None,0,TA,Gd,CBlock,TA,Gd,No,ALQ,BLQ,GasA,TA,Y,SBrkr,734,0,0,,1,0,1,0,2,1,TA,4,Typ,0,,Detchd,1952,Unf,1,TA,TA,Y,0,68,0,0,0,0,,,,0,9,2009,WD,Normal
60,RL,78,10143,Pave,,Reg,Lvl,AllPub,Inside,Gtl,NWAmes,Norm,Norm,1Fam,2Story,9,5,2005,1976,Gable,CompShg,HdBoard,HdBoard,None,0,TA,TA,PConc,Gd,TA,No,GLQ,Unf,GasA,TA,Y,SBrkr,834,833,0,1685,0,0,2,1,4,1,TA,8,Typ,1,TA,Attchd,1976,RFn,2,TA,TA,Y,0,28,0,0,259,0,,GdWo,,0,3,2006,WD,Normal
90,RL,64,7010,Pave,,Reg,Bnk,AllPub,Inside,Gtl,SawyerW,Norm,Norm,Duplex,1Story,8,5,2006,1979,Gable,CompShg,HdBoard,HdBoard,None,0,TA,TA,Slab,,,,,,GasA,TA,Y,SBrkr,1515,0,0,1940,0,0,2,0,4,2,TA,8,Typ,0,,Attchd,1979,Unf,2,TA,TA,Y,0,0,0,0,0,0,,,,0,6,2009,WD,Alloca
20,RM,65,9753,Pave,Gr,Reg,Lvl,AllPub,Inside,Gtl,OldTown,Norm,Norm,1Fam,1Story,7,5,1941,1958,Hip,CompShg,HdBoard,HdBoard,None,0,TA,TA,CBlock,TA,TA,No,Unf,Unf,GasA,Ex,Y,SBrkr,962,0,0,2341,0,0,1,0,3,1,TA,5,Typ,0,,Detchd,2002,Unf,2,TA,TA,Y,0,0,0,0,0,0,,,Gar2,4500,7,2006,WD,Normal
160,FV,.,2406,Pave,,IR1,Lvl,AllPub,FR2,Gtl,Somerst,Norm,Norm,TwnhsE,2Story,8,5,1998,2003,Gable,CompShg,VinylSd,VinylSd,None,0,Gd,TA,PConc,Gd,TA,No,GLQ,Unf,GasA,Ex,Y,SBrkr,532,551,0,2453,0,0,2,1,2,1,Gd,4,Typ,0,,Attchd,2003,RFn,2,TA,TA,Y,0,50,0,0,0,0,,,,0,6,2010,WD,Normal
80,RL,85,19648,Pave,,IR1,Lvl,AllPub,FR2,Gtl,Crawfor,Norm,Norm,1Fam,SLvl,8,6,2006,2007,Gable,CompShg,VinylSd,VinylSd,BrkFace,44,TA,TA,PConc,Gd,TA,No,GLQ,Unf,GasA,Ex,Y,SBrkr,898,757,0,1565,1,0,2,1,3,1,Gd,6,Typ,0,,BuiltIn,1994,RFn,2,TA,TA,Y,0,0,0,0,0,0,,,,0,6,2010,WD,Normal
50,RL,53,5365,Pave,,Reg,Lvl,AllPub,Corner,Gtl,Crawfor,Norm,Norm,1Fam,1.5Fin,8,6,2010,2003,Gable,CompShg,Wd Sdng,Wd Shng,None,0,TA,TA,PConc,TA,TA,No,Unf,Unf,GasA,Ex,Y,SBrkr,663,590,0,1419,0,0,2,0,3,1,TA,8,Typ,1,Gd,Detchd,1985,Unf,2,TA,TA,Y,244,0,81,0,0,0,,,,0,11,2007,WD,Normal
30,C,69,12369,Pave,,Reg,Lvl,AllPub,Inside,Gtl,IDOTRR,Feedr,Norm,1Fam,1Story,8,5,1970,1950,Gable,CompShg,Wd Sdng,Wd Sdng,None,0,TA,TA,Slab,,,,,,GasA,TA,N,SBrkr,731,0,0,2218,0,0,1,0,2,1,TA,5,Mod,0,,,.,,0,,,N,0,0,23,0,0,0,,,,0,10,2006,WD,Abnorml
120,RL,41,6292,Pave,,IR1,Lvl,AllPub,Inside,Gtl,NridgHt,Norm,Norm,TwnhsE,1Story,7,5,,2006,Gable,CompShg,VinylSd,VinylSd,Stone,256,Gd,TA,PConc,Gd,TA,Av,ALQ,Unf,GasA,Ex,Y,SBrkr,1364,0,0,2296,1,0,2,0,2,1,Gd,6,Typ,1,Gd,Attchd,2005,RFn,2,TA,TA,Y,194,28,0,0,0,0,,,,0,6,2007,WD,Normal
190,RM,65,7803,Pave,,Reg,Lvl,AllPub,Inside,Gtl,OldTown,Artery,Norm,2fmCon,1.5Fin,8,7,1999,1950,Gable,CompShg,MetalSd,MetalSd,None,0,TA,TA,CBlock,Gd,TA,Mn,Rec,Unf,GasA,TA,Y,SBrkr,795,326,0,2215,1,0,1,0,3,1,TA,5,Typ,1,Gd,Detchd,1939,Unf,2,TA,TA,Y,0,0,0,0,271,0,,MnPrv,,0,5,2006,WD,Normal
20,RL,73,8990,Pave,,Reg,Lvl,AllPub,Inside,Gtl,Somerst,Norm,Norm,1Fam,1Story,,5,2009,2006,Gable,CompShg,VinylSd,VinylSd,BrkFace,226,Gd,TA,PConc,Gd,TA,,Unf,Unf,GasA,Ex,Y,SBrkr,1597,0,0,1969,0,0,2,0,2,1,Gd,6,Typ,1,Gd,Attchd,2005,RFn,3,TA,TA,Y,146,0,0,0,0,0,,,,0,5,2010,WD,Normal
70,RM,57,9642,Pave,,Reg,Lvl,AllPub,Inside,Gtl,OldTown,Artery,Norm,1Fam,2Story,7,8,2003,1950,Gable,CompShg,MetalSd,MetalSd,None,0,TA,TA,PConc,TA,TA,No,Unf,Unf,GasA,Ex,Y,SBrkr,1158,643,0,1761,0,0,2,1,4,1,TA,7,Typ,0,,Detchd,1935,Unf,2,TA,TA,N,0,0,160,0,0,0,,MnPrv,,0,5,2007,WD,Normal
20,RL,58,9283,Pave,,Reg,Lvl,AllPub,Inside,Gtl,Edwards,Norm,Norm,1Fam,1Story,7,6,2000,1951,Gable,CompShg,Wd Sdng,Wd Sdng,None,0,TA,TA,CBlock,Fa,TA,No,ALQ,Unf,GasA,Ex,Y,SBrkr,1344,0,0,2788,1,0,1,0,4,1,TA,7,Typ,0,,Detchd,1951,Unf,1,TA,TA,Y,0,0,0,0,0,0,,,,0,4,2007,WD,Normal
70,RL,114,19953,Pave,,Reg,Lvl,AllPub,Corner,Gtl,Edwards,Norm,Norm,1Fam,2Story,7,7,2000,1950,Gable,CompShg,WdShing,Plywood,None,0,TA,TA,PConc,TA,TA,No,Unf,Unf,GasA,Ex,Y,SBrkr,1339,673,0,2788,0,0,2,0,4,1,TA,8,Typ,2,Gd,2Types,1928,Unf,3,TA,TA,P,0,42,0,0,180,0,,,,0,12,2006,WD,Normal
20,RL,89,10994,Pave,,IR1,HLS,AllPub,Inside,Gtl,Timber,Norm,Norm,1Fam,1Story,7,5,2000,2007,Gable,CompShg,VinylSd,VinylSd,BrkFace,80,Gd,TA,PConc,Gd,TA,Gd,Unf,Unf,GasA,Ex,Y,SBrkr,1573,0,0,2788,0,0,2,0,3,1,Gd,7,Typ,1,Gd,Attchd,2007,Fin,3,TA,TA,Y,102,36,0,0,0,0,,,,0,12,2007,New,Partial
60,RL,.,13034,Pave,,IR2,Lvl,AllPub,Corner,Gtl,Gilbert,Norm,Norm,1Fam,2Story,7,5,1996,1996,Gable,CompShg,HdBoard,HdBoard,None,0,TA,TA,PConc,Gd,TA,No,ALQ,Unf,GasA,Gd,Y,SBrkr,693,808,0,2014,0,0,2,1,3,1,TA,6,Typ,1,TA,Attchd,1995,Fin,2,TA,TA,Y,317,44,0,0,0,0,,,,0,7,2006,WD,Normal
85,RL,.,7543,Pave,,IR1,Lvl,AllPub,CulDSac,Gtl,Mitchel,Norm,Norm,1Fam,SFoyer,7,6,1977,1978,Gable,CompShg,VinylSd,VinylSd,None,0,TA,TA,CBlock,Gd,TA,Av,GLQ,Unf,GasA,Ex,Y,SBrkr,914,0,0,1484,1,0,1,0,2,1,TA,5,Typ,1,TA,Attchd,1978,RFn,2,TA,TA,Y,0,0,0,0,192,0,,MnPrv,,0,6,2007,WD,Normal
50,RM,50,6003,Pave,,Reg,Lvl,AllPub,Inside,Gtl,BrkSide,Norm,Norm,1Fam,1.5Fin,7,7,1987,1950,Gable,CompShg,Wd Sdng,Wd Sdng,None,0,TA,TA,CBlock,TA,TA,No,Rec,Unf,GasA,TA,Y,SBrkr,782,637,0,1434,0,0,1,1,3,1,TA,6,Typ,0,,Detchd,1948,Unf,1,TA,TA,P,223,0,48,0,0,0,,,,0,3,2010,WD,Normal
20,RL,60,8284,Pave,,IR1,Lvl,AllPub,Inside,Gtl,Sawyer,Norm,Norm,1Fam,1Story,8,5,2003,1965,Gable,CompShg,MetalSd,MetalSd,None,0,TA,TA,CBlock,TA,TA,No,Rec,BLQ,GasA,Gd,Y,SBrkr,866,0,0,2284,0,0,1,0,3,1,TA,5,Typ,1,Po,Detchd,1965,Unf,1,TA,TA,Y,0,0,236,0,0,0,,GdWo,,0,12,2009,WD,Normal
20,RL,73,8763,Pave,,Reg,Lvl,AllPub,Inside,Gtl,NAmes,Norm,Norm,1Fam,1Story,8,7,2006,1956,Gable,CompShg,Wd Sdng,Wd Sdng,BrkFace,164,Gd,TA,CBlock,TA,TA,No,ALQ,Unf,GasA,TA,Y,SBrkr,1146,0,0,1796,1,0,1,0,3,1,TA,6,Typ,0,,Attchd,1956,RFn,1,TA,TA,Y,259,0,0,0,0,0,,,,0,6,2009,WD,Normal
190,RL,59,4487,Pave,,IR1,Lvl,AllPub,Corner,Gtl,SWISU,Norm,Norm,2fmCon,1.5Fin,8,6,2006,1979,Gable,CompShg,Plywood,Plywood,None,0,TA,TA,CBlock,TA,TA,No,ALQ,Unf,GasA,TA,N,SBrkr,780,505,0,1960,1,0,1,0,2,1,TA,4,Typ,0,,Detchd,1942,Unf,1,TA,TA,Y,0,88,0,0,0,0,,MnPrv,,0,7,2007,WD,Normal
75,RM,75,13503,Pave,Gr,Reg,Lvl,AllPub,Corner,Gtl,OldTown,Norm,Norm,1Fam,2.5Unf,7,8,2000,1987,Gable,CompShg,Wd Sdng,Wd Sdng,None,0,TA,Gd,PConc,TA,TA,No,Unf,Unf,GasA,TA,Y,FuseA,1314,1143,0,1674,0,0,2,0,3,1,TA,8,Typ,1,Gd,Attchd,1950,Unf,2,TA,TA,N,0,148,150,0,0,0,,MnPrv,,0,2,2007,WD,Normal
20,RL,76,6953,Pave,,IR1,Lvl,AllPub,Inside,Gtl,CollgCr,Norm,Norm,1Fam,1Story,8,7,2002,1979,Gable,CompShg,HdBoard,HdBoard,BrkFace,40,TA,TA,CBlock,TA,TA,No,ALQ,BLQ,GasA,TA,Y,SBrkr,916,0,0,1630,1,0,1,0,2,1,TA,5,Typ,0,,Attchd,1979,Unf,2,TA,TA,Y,0,0,0,0,0,0,,,,0,10,2009,WD,Normal
20,RL,60,8193,Pave,,Reg,Lvl,AllPub,Inside,Gtl,Edwards,Norm,Norm,1Fam,1Story,8,6,1994,1954,Hip,CompShg,Wd Sdng,Wd Sdng,None,0,TA,TA,CBlock,TA,TA,No,Rec,Unf,GasA,Ex,Y,SBrkr,950,0,0,2688,1,0,1,0,3,1,TA,5,Typ,1,TA,Detchd,1956,Unf,1,TA,TA,Y,0,36,0,0,0,0,,,,0,10,2007,WD,Normal
60,RL,100,10842,Pave,,IR1,Lvl,AllPub,Corner,Gtl,Gilbert,Norm,Norm,1Fam,2Story,8,5,1995,1998,Gable,CompShg,VinylSd,VinylSd,None,0,TA,TA,PConc,Gd,TA,No,Unf,Unf,GasA,Ex,Y,SBrkr,928,679,0,1495,0,0,2,1,3,1,TA,7,Typ,1,TA,Attchd,1997,Fin,2,TA,TA,Y,0,36,0,0,0,0,,,,0,7,2008,WD,Normal
50,RM,59,5313,Pave,,Reg,Lvl,AllPub,Corner,Gtl,OldTown,Feedr,Norm,1Fam,1.5Fin,7,8,1994,2003,Hip,CompShg,VinylSd,VinylSd,None,0,TA,Gd,CBlock,TA,Fa,No,Unf,Unf,GasA,Gd,Y,SBrkr,1003,635,0,2128,0,0,1,0,2,1,Gd,5,Typ,0,,Attchd,1950,Unf,1,Fa,TA,Y,396,0,0,0,0,0,,,,0,6,2006,WD,Normal
80,RL,80,9203,Pave,,Reg,Lvl,AllPub,Inside,Gtl,NAmes,Norm,Norm,1Fam,SLvl,8,5,2002,1965,Gable,CompShg,HdBoard,HdBoard,BrkFace,98,TA,TA,CBlock,TA,TA,Gd,GLQ,Unf,GasA,TA,Y,SBrkr,1044,0,0,1690,0,0,2,0,3,1,TA,5,Typ,0,,Attchd,1965,RFn,2,TA,TA,Y,194,0,0,0,0,0,,GdPrv,,0,5,2007,WD,Normal
20,RL,65,11053,Pave,,Reg,Lvl,AllPub,Inside,Gtl,NAmes,Norm,Norm,1Fam,1Story,6,5,2005,1956,Hip,CompShg,Wd Sdng,Wd Sdng,None,0,TA,TA,CBlock,TA,TA,No,LwQ,Unf,GasA,Ex,Y,SBrkr,1007,0,0,1469,0,0,1,0,2,1,TA,6,Typ,1,TA,Attchd,1956,Unf,1,TA,TA,Y,0,0,0,0,288,0,,,,0,7,2006,WD,Normal
20,RL,105,13696,Pave,,Reg,Lvl,AllPub,Inside,Gtl,NridgHt,PosA,PosA,1Fam,1Story,7,5,1990,2007,Hip,CompShg,VinylSd,VinylSd,Stone,472,Ex,TA,PConc,Ex,TA,Gd,GLQ,Unf,GasA,Ex,Y,SBrkr,2676,0,0,2197,2,0,2,1,2,1,Ex,8,Typ,2,Gd,Attchd,2007,Fin,3,TA,TA,Y,362,50,0,0,0,0,,,,0,3,2009,WD,Normal
20,RL,96,12459,Pave,,Reg,Lvl,AllPub,FR2,Gtl,NridgHt,Norm,Norm,1Fam,1Story,8,5,2001,2007,Hip,CompShg,CemntBd,CmentBd,Stone,230,Ex,TA,PConc,Ex,TA,Gd,GLQ,Unf,GasA,Ex,Y,SBrkr,1720,0,0,1602,1,0,2,0,3,1,Ex,7,Typ,1,Gd,Attchd,2008,Fin,3,TA,TA,Y,218,48,0,0,0,0,,,,0,7,2009,WD,Normal
20,RL,84,10087,Pave,,Reg,Lvl,AllPub,Inside,Gtl,CollgCr,Norm,Norm,1Fam,1Story,6,5,1977,2006,Gable,CompShg,VinylSd,VinylSd,BrkFace,196,Gd,TA,PConc,Gd,TA,Av,GLQ,Unf,GasA,Ex,Y,SBrkr,1554,0,0,2873,0,0,2,0,3,1,Gd,7,Typ,0,,Attchd,2005,RFn,3,TA,TA,Y,146,20,0,0,0,0,,,,0,7,2006,New,Partial
50,RL,84,10167,Pave,,Reg,Bnk,AllPub,Inside,Gtl,SWISU,Norm,Norm,1Fam,1.5Fin,8,5,2007,1950,Gable,CompShg,VinylSd,VinylSd,None,0,TA,TA,CBlock,TA,Fa,Av,LwQ,Unf,GasA,Fa,Y,SBrkr,994,474,0,1839,0,0,2,0,3,1,TA,6,Typ,2,TA,Detchd,1939,Unf,1,TA,TA,Y,0,126,0,0,0,0,,,,0,7,2006,WD,Normal
20,RL,60,8433,Pave,,Reg,HLS,AllPub,Inside,Mod,CollgCr,Norm,Norm,1Fam,1Story,8,5,2003,1978,Gable,CompShg,HdBoard,HdBoard,BrkFace,136,TA,TA,CBlock,Gd,TA,No,Rec,Unf,GasA,TA,Y,SBrkr,1042,0,0,1519,0,0,2,0,3,1,TA,5,Typ,0,,,.,,0,,,Y,0,0,0,0,0,0,,,,0,8,2009,WD,Normal
45,RL,59,7230,Pave,,Reg,HLS,AllPub,Corner,Mod,NAmes,Artery,Norm,1Fam,1.5Unf,9,6,2001,1954,Gable,CompShg,MetalSd,MetalSd,None,0,TA,TA,CBlock,TA,TA,No,Unf,Unf,GasA,Gd,Y,SBrkr,834,0,0,1948,0,0,1,0,2,1,Gd,4,Typ,0,,Detchd,1962,Unf,2,TA,TA,Y,0,0,0,0,0,0,,,,0,6,2008,WD,Normal
160,FV,24,2163,Pave,Pa,Reg,Lvl,AllPub,Inside,Gtl,Somerst,Norm,Norm,Twnhs,2Story,7,5,1998,2000,Gable,CompShg,MetalSd,MetalSd,BrkFace,212,Gd,TA,PConc,Gd,TA,No,BLQ,Unf,GasA,Ex,Y,SBrkr,626,629,0,2098,1,0,2,1,2,1,Gd,4,Typ,0,,Detchd,1999,Unf,2,TA,TA,Y,0,48,0,0,0,0,,,,0,3,2008,WD,Normal
60,RL,59,9045,Pave,,IR1,Lvl,AllPub,Inside,Gtl,Gilbert,Norm,Norm,1Fam,2Story,,5,2006,1998,Gable,CompShg,VinylSd,VinylSd,None,0,TA,TA,PConc,Gd,TA,Gd,GLQ,Unf,GasA,Gd,Y,SBrkr,945,696,0,2022,1,0,2,1,3,1,TA,7,Typ,2,TA,Attchd,1998,Fin,2,TA,TA,Y,102,38,0,0,0,0,,,,0,7,2008,WD,Normal
60,RL,63,9087,Pave,,IR1,Lvl,AllPub,Inside,Gtl,Gilbert,Norm,Norm,1Fam,2Story,8,5,2004,1998,Hip,CompShg,VinylSd,VinylSd,None,0,TA,TA,PConc,Gd,TA,No,Unf,Unf,GasA,Gd,Y,SBrkr,957,678,0,1714,0,0,2,1,3,1,TA,8,Typ,1,TA,Attchd,1998,Fin,2,TA,TA,Y,0,28,0,0,0,0,,,,0,6,2006,WD,Normal
20,RL,.,9219,Pave,,IR1,Lvl,AllPub,Inside,Gtl,CollgCr,Norm,Norm,1Fam,1Story,6,6,1966,1975,Gable,CompShg,HdBoard,HdBoard,BrkFace,176,TA,TA,CBlock,TA,TA,Av,ALQ,Unf,GasA,TA,Y,SBrkr,1078,0,0,2202,0,0,1,1,3,1,TA,5,Typ,1,Fa,Detchd,1985,Unf,2,TA,TA,Y,0,0,0,0,0,0,,MnPrv,,0,9,2008,WD,Abnorml
90,RL,98,13263,Pave,,IR1,Lvl,AllPub,Inside,Gtl,NAmes,Norm,Norm,Duplex,1Story,9,6,2005,2001,Hip,CompShg,HdBoard,HdBoard,BrkFace,144,TA,TA,CBlock,TA,TA,No,BLQ,Unf,GasA,TA,Y,SBrkr,1730,0,0,1699,2,0,2,0,6,2,TA,10,Typ,0,,,.,,0,,,Y,0,0,0,0,0,0,,,,0,1,2010,Oth,Abnorml
70,RM,60,10803,Pave,,Reg,Lvl,AllPub,Inside,Gtl,OldTown,Norm,Norm,1Fam,2Story,8,7,,1999,Gable,CompShg,Wd Sdng,Wd Shng,None,0,TA,TA,BrkTil,TA,TA,Mn,Unf,Unf,GasW,Gd,Y,SBrkr,1315,1183,0,1697,0,0,2,0,5,1,TA,10,Typ,1,Gd,Detchd,1950,Unf,2,TA,Fa,Y,0,299,0,0,0,0,,,,0,12,2008,WD,Normal
20,RL,75,7503,Pave,,Reg,Lvl,AllPub,Corner,Gtl,Sawyer,Feedr,Norm,1Fam,1Story,8,5,1980,1963,Gable,CompShg,HdBoard,HdBoard,None,0,TA,TA,CBlock,TA,TA,No,ALQ,Unf,GasA,Fa,Y,SBrkr,1042,0,0,2015,1,0,1,1,3,1,TA,5,Typ,0,,Attchd,1963,Fin,1,TA,TA,Y,0,0,220,0,0,0,,MnPrv,,0,6,2010,WD,Normal
20,RL,65,7153,Pave,,Reg,Lvl,AllPub,Inside,Gtl,NAmes,Norm,Norm,1Fam,1Story,7,6,1989,1966,Hip,CompShg,HdBoard,HdBoard,BrkFace,52,TA,TA,CBlock,TA,TA,No,BLQ,Unf,GasA,TA,Y,SBrkr,990,0,0,1645,1,0,1,0,3,1,TA,5,Typ,0,,Detchd,1974,Unf,1,TA,TA,Y,0,0,0,0,0,0,,,,0,11,2007,WD,Normal
85,RL,.,7403,Pave,,IR1,Lvl,AllPub,CulDSac,Gtl,Sawyer,Norm,Norm,1Fam,SFoyer,8,5,2004,1984,Gable,CompShg,VinylSd,VinylSd,None,0,TA,TA,PConc,Gd,TA,Av,LwQ,ALQ,GasA,TA,Y,SBrkr,1128,0,0,1647,1,0,1,0,2,1,TA,5,Typ,0,,Attchd,1984,Unf,2,TA,TA,Y,180,0,0,0,0,0,,,,0,3,2008,WD,Normal
60,FV,75,8007,Pave,,IR1,Lvl,AllPub,Inside,Gtl,Somerst,RRAn,Norm,1Fam,2Story,8,5,2001,2009,Gable,CompShg,VinylSd,VinylSd,Stone,110,Gd,TA,PConc,Gd,TA,No,GLQ,Unf,GasA,Ex,Y,SBrkr,834,1104,0,2440,1,0,2,1,3,1,TA,8,Typ,0,,BuiltIn,2009,Fin,2,TA,TA,Y,0,150,0,0,0,0,,,,0,12,2009,New,Partial
20,RL,.,12738,Pave,,IR1,Lvl,AllPub,FR2,Gtl,NAmes,Norm,Norm,1Fam,1Story,8,5,1985,1972,Hip,CompShg,MetalSd,MetalSd,None,0,TA,TA,CBlock,TA,TA,No,BLQ,Unf,GasA,TA,Y,SBrkr,866,0,0,1743,0,0,1,0,3,1,TA,5,Typ,0,,Detchd,1980,Unf,2,TA,TA,Y,218,0,0,0,0,0,,MnWw,,0,4,2008,COD,Normal
20,RL,70,8403,Pave,,Reg,Lvl,AllPub,Corner,Gtl,NAmes,Norm,Norm,1Fam,1Story,8,5,2005,1955,Gable,CompShg,MetalSd,MetalSd,None,0,TA,Gd,CBlock,TA,TA,No,BLQ,Unf,GasA,TA,Y,SBrkr,927,0,0,,1,0,1,0,3,1,TA,5,Typ,2,TA,Attchd,1955,Unf,1,TA,TA,Y,83,0,0,0,0,0,,GdWo,,0,3,2007,WD,Normal
20,RL,85,9353,Pave,,Reg,Lvl,AllPub,Inside,Gtl,NAmes,Norm,Norm,1Fam,1Story,8,6,2001,1995,Gable,CompShg,Wd Sdng,Wd Sdng,BrkFace,217,TA,TA,CBlock,TA,TA,No,ALQ,BLQ,GasA,TA,Y,SBrkr,1315,0,0,1788,1,0,1,1,3,1,Gd,6,Typ,1,TA,Attchd,1961,RFn,2,TA,TA,Y,174,28,0,0,121,0,,MnPrv,,0,2,2009,WD,Normal
20,RL,60,7203,Pave,,Reg,Lvl,AllPub,Inside,Gtl,NAmes,Norm,Norm,1Fam,1Story,8,7,2007,1951,Gable,CompShg,MetalSd,MetalSd,None,0,TA,TA,CBlock,Fa,TA,No,LwQ,Unf,GasA,TA,Y,SBrkr,878,0,0,1703,0,0,1,0,2,1,TA,5,Typ,1,TA,Detchd,1972,Unf,2,TA,TA,Y,0,0,0,0,0,0,,,,0,2,2008,WD,Abnorml
80,RL,125,14422,Pave,,IR1,Lvl,AllPub,Corner,Gtl,Timber,Norm,Norm,1Fam,SLvl,8,5,2005,1989,Hip,CompShg,Plywood,Plywood,BrkFace,310,TA,TA,PConc,Gd,TA,Gd,GLQ,ALQ,GasA,Ex,Y,SBrkr,1481,0,0,2099,2,0,2,1,3,1,Gd,7,Min,1,Fa,Attchd,1987,Fin,2,TA,TA,Y,226,238,0,0,0,0,,,,0,7,2009,WD,Normal
70,RM,50,9003,Pave,,Reg,Lvl,AllPub,Inside,Gtl,OldTown,Artery,Norm,1Fam,2Story,8,9,2007,1988,Hip,CompShg,VinylSd,VinylSd,None,0,TA,Gd,PConc,TA,TA,No,ALQ,Unf,GasA,Ex,Y,SBrkr,834,651,0,2575,0,1,1,0,3,1,TA,7,Typ,0,,Detchd,1930,Unf,2,TA,TA,Y,0,0,0,0,0,0,,,,0,7,2009,WD,Normal
20,RL,92,10848,Pave,,IR1,Lvl,AllPub,Corner,Gtl,NridgHt,Norm,Norm,1Fam,1Story,7,5,1988,2004,Gable,CompShg,VinylSd,VinylSd,BrkFace,504,Gd,TA,PConc,Gd,TA,Mn,GLQ,Unf,GasA,Ex,Y,SBrkr,1577,0,0,2063,1,0,2,0,2,1,Gd,7,Typ,1,TA,Attchd,2003,Fin,3,TA,TA,Y,218,28,0,0,0,0,,,,0,6,2008,WD,Normal
20,RL,62,8013,Pave,,Reg,Lvl,AllPub,Inside,Gtl,NAmes,Norm,Norm,1Fam,1Story,6,9,1958,2007,Hip,CompShg,Wd Sdng,Wd Sdng,None,0,Gd,Gd,CBlock,TA,TA,Mn,GLQ,Unf,GasA,Gd,Y,SBrkr,953,0,0,2145,1,0,1,0,2,1,Gd,6,Typ,0,,Detchd,1985,Unf,2,TA,TA,Y,0,0,42,0,0,0,,,Shed,450,9,2009,WD,Normal
20,RL,80,12003,Pave,,Reg,Lvl,AllPub,Inside,Gtl,ClearCr,Norm,Norm,1Fam,1Story,9,5,2005,1968,Gable,CompShg,Plywood,Plywood,None,0,TA,Fa,CBlock,Gd,Fa,No,LwQ,Unf,GasA,Gd,Y,SBrkr,1390,0,0,1562,1,0,2,0,3,1,TA,6,Typ,1,Po,Attchd,1968,RFn,2,TA,TA,Y,0,58,0,0,0,0,,,,0,7,2006,COD,Abnorml
20,RL,.,11091,Pave,,Reg,Lvl,AllPub,Corner,Gtl,CollgCr,Norm,Norm,1Fam,1Story,7,5,1962,2002,Hip,CompShg,Stucco,Stucco,None,0,Gd,TA,PConc,Gd,TA,No,GLQ,Unf,GasA,Ex,Y,SBrkr,1360,0,0,2449,1,0,1,1,1,1,Gd,5,Typ,1,TA,Attchd,2002,Unf,2,TA,TA,Y,70,166,0,0,0,0,,,,0,6,2006,WD,Normal
160,RM,24,2371,Pave,,Reg,Lvl,AllPub,Inside,Gtl,BrDale,Norm,Norm,TwnhsE,2Story,8,6,2000,1970,Gable,CompShg,HdBoard,HdBoard,None,312,TA,TA,CBlock,TA,TA,No,LwQ,Unf,GasA,TA,Y,SBrkr,767,601,0,1660,0,0,1,1,3,1,TA,7,Min,0,,Attchd,1970,Unf,2,TA,TA,Y,0,36,0,0,0,0,,,,0,5,2009,WD,Normal
20,RL,65,8776,Pave,,Reg,Lvl,AllPub,FR2,Gtl,CollgCr,Norm,Norm,1Fam,1Story,8,5,1981,2004,Gable,CompShg,VinylSd,VinylSd,BrkFace,98,Gd,TA,PConc,Gd,TA,Av,GLQ,Unf,GasA,Ex,Y,SBrkr,1416,0,0,2525,0,0,2,0,3,1,Gd,6,Typ,0,,Attchd,2004,RFn,2,TA,TA,Y,134,105,0,0,0,0,,,,0,5,2010,WD,Normal
20,RL,60,7203,Pave,,Reg,Lvl,AllPub,Inside,Gtl,NAmes,Norm,Norm,1Fam,1Story,7,8,1967,2002,Gable,CompShg,VinylSd,VinylSd,None,0,TA,TA,CBlock,TA,TA,No,ALQ,BLQ,GasA,Gd,Y,SBrkr,866,0,0,1831,1,0,1,0,3,1,Gd,5,Typ,0,,Detchd,1980,RFn,2,TA,TA,Y,196,0,0,0,0,0,,,,0,7,2007,WD,Normal
20,RL,85,10203,Pave,,Reg,Lvl,AllPub,Inside,Gtl,NAmes,Norm,Norm,1Fam,1Story,8,7,1976,2003,Gable,CompShg,Wd Sdng,Wd Sdng,BrkFace,104,TA,TA,CBlock,TA,TA,No,ALQ,BLQ,GasA,Gd,Y,SBrkr,1088,0,0,1744,1,0,1,0,3,1,TA,6,Typ,0,,Attchd,1989,Unf,2,TA,TA,Y,0,0,0,0,0,0,,GdWo,,0,5,2010,WD,Normal
190,RL,60,12183,Pave,,Reg,Lvl,AllPub,Inside,Gtl,Edwards,Norm,Norm,2fmCon,1.5Fin,8,4,2004,1950,Gable,CompShg,MetalSd,MetalSd,None,0,TA,Fa,BrkTil,Gd,TA,No,BLQ,Unf,Grav,Fa,N,FuseA,674,253,0,1915,1,0,1,0,2,1,Fa,5,Typ,0,,Detchd,1941,Unf,1,TA,TA,Y,0,0,0,0,0,0,,MnPrv,,0,7,2010,WD,Normal
30,RL,50,11675,Pave,Pa,IR2,Lvl,AllPub,Inside,Gtl,BrkSide,Norm,Norm,1Fam,1Story,8,5,2002,1950,Gable,CompShg,MetalSd,MetalSd,None,0,TA,TA,BrkTil,TA,TA,No,Unf,Unf,GasA,TA,Y,FuseA,818,0,0,1829,0,0,1,0,2,1,TA,4,Typ,0,,Detchd,1925,Unf,1,Fa,Fa,N,170,0,112,0,0,0,,,,0,7,2006,WD,Normal
60,RL,59,11799,Pave,,IR1,Lvl,AllPub,Inside,Gtl,Gilbert,Norm,Norm,1Fam,2Story,,5,1996,2005,Gable,CompShg,VinylSd,VinylSd,None,0,Gd,TA,PConc,Gd,TA,Av,Unf,Unf,GasA,Ex,Y,SBrkr,849,1113,0,2126,0,0,2,1,4,1,Gd,8,Typ,1,Gd,BuiltIn,2004,Fin,2,TA,TA,Y,102,48,0,0,0,0,,,,0,7,2007,WD,Normal
20,RL,.,12345,Pave,,IR1,Lvl,AllPub,Inside,Gtl,NAmes,Norm,Norm,1Fam,1Story,7,5,2006,1978,Hip,CompShg,Wd Sdng,Wd Sdng,None,0,TA,TA,CBlock,TA,TA,No,Unf,Unf,GasA,TA,Y,SBrkr,1424,0,0,1495,0,0,1,0,3,1,TA,6,Min,1,TA,Attchd,1960,RFn,1,TA,TA,Y,0,0,36,0,0,0,,GdWo,Shed,600,8,2007,WD,Normal
20,RL,67,8311,Pave,,Reg,Lvl,AllPub,Inside,Gtl,Edwards,Norm,Norm,1Fam,1Story,8,6,1994,1963,Gable,CompShg,VinylSd,VinylSd,Stone,20,TA,Gd,CBlock,TA,TA,No,BLQ,LwQ,GasA,TA,Y,SBrkr,1090,0,0,1495,0,0,1,0,2,1,TA,4,Typ,0,,Detchd,2002,Unf,2,TA,TA,P,0,0,0,0,0,0,,,,0,6,2007,COD,Normal
50,RL,56,14723,Pave,,IR1,Lvl,AllPub,CulDSac,Gtl,NoRidge,Norm,Norm,1Fam,1.5Fin,7,5,2003,1996,Hip,CompShg,VinylSd,VinylSd,BrkFace,579,Gd,TA,PConc,Gd,TA,Av,GLQ,Unf,GasA,Ex,Y,SBrkr,2055,1186,0,2487,1,0,2,1,4,1,Gd,9,Typ,1,Ex,Attchd,1996,Fin,3,TA,TA,Y,285,86,0,0,0,0,,,,0,3,2010,WD,Normal
20,RL,80,12987,Pave,,Reg,Bnk,AllPub,Inside,Gtl,Crawfor,Norm,Norm,1Fam,1Story,8,6,2004,1977,Gable,CompShg,Plywood,Plywood,BrkFace,459,TA,TA,CBlock,Gd,TA,Mn,ALQ,LwQ,GasA,Ex,Y,SBrkr,1649,0,0,1837,1,0,2,0,3,1,Gd,7,Typ,1,TA,Attchd,1977,Fin,2,TA,TA,Y,0,0,0,0,0,0,,,,0,3,2006,WD,Normal
60,RL,78,9981,Pave,,IR1,Lvl,AllPub,Inside,Gtl,Gilbert,Norm,Norm,1Fam,2Story,7,6,2006,1998,Gable,CompShg,VinylSd,VinylSd,BrkFace,20,TA,TA,PConc,TA,TA,No,GLQ,Unf,GasA,Ex,Y,SBrkr,928,679,0,2173,0,0,2,1,3,1,Gd,7,Typ,1,Gd,Attchd,1998,Fin,2,TA,TA,Y,362,36,0,0,0,0,,,,0,6,2010,WD,Normal
50,RL,70,10762,Pave,,Reg,Lvl,AllPub,Corner,Gtl,Sawyer,Feedr,Norm,1Fam,1.5Fin,9,4,2005,1972,Gable,CompShg,HdBoard,HdBoard,None,0,TA,Gd,CBlock,Gd,TA,No,LwQ,ALQ,GasA,TA,Y,SBrkr,1003,641,0,1578,0,0,2,0,4,1,TA,5,Typ,1,Gd,Detchd,1972,Unf,2,TA,TA,Y,0,0,92,0,0,0,,GdPrv,,0,7,2008,WD,Normal
50,RM,50,3503,Pave,Gr,Reg,Lvl,AllPub,Inside,Gtl,OldTown,Norm,Norm,1Fam,1.5Fin,8,7,1998,1950,Gable,CompShg,AsbShng,AsbShng,None,0,TA,TA,CBlock,TA,TA,No,LwQ,Unf,GasA,TA,Y,SBrkr,722,565,0,1925,0,0,1,1,2,1,TA,5,Typ,0,,Detchd,1948,Unf,1,TA,TA,Y,0,35,0,0,0,0,,MnWw,,0,4,2009,WD,Normal
20,RL,200,43503,Pave,,Reg,Lvl,AllPub,Inside,Gtl,Mitchel,Artery,Norm,1Fam,1Story,7,5,1975,1953,Gable,CompShg,MetalSd,MetalSd,None,0,TA,TA,CBlock,,,,,,GasA,Ex,Y,SBrkr,2036,0,0,1534,0,0,1,0,2,1,TA,9,Min,0,,2Types,1953,RFn,4,TA,TA,N,485,266,0,0,0,561,TA,GdPrv,,0,6,2007,WD,Normal